#/log,DATA CREATED,データ作成日,,,,,,,,,,,,,
#/doc,DATA CREATER,データ作成者,並川寛司,,,,,,,,,,,,
#,DATA TITLE,データ名,Temporal Change in Tree Girth at Breast Height at Nopporo (NP-DB1).,,,,,,,,,,,,
#,SITE NAME,サイト名,野幌(自然休養林),,,,,,,,,,,,
#,PLOT NAME,調査区名,-,,,,,,,,,,,,
#,PLOT CODE,調査区コード,NP-DB1,,,,,,,,,,,,
#,PLOT SIZE,面積,1.04ha,80×130m,,,,,,,,,,,
#,PRAMETER DEFINITIONS,mesh_xcord,10ｍ方形区ｘ座標,,,,,,,,,,,,
#,,mesh_ｙcord,10ｍ方形区ｙ座標,,,,,,,,,,,,
#,,tag_no,幹タグ番号,,,,,,,,,,,,
#,,indv_no,個体タグ番号,,,,,,,,,,,,
#,,stem_xcord,幹のx座標（10m方形区内での座標）,,,,,,,,,,,,
#,,stem_ycord,幹のｙ座標（10m方形区内での座標）,,,,,,,,,,,,
#,,spc_japan,種名,,,,,,,,,,,,
#,,gbh,胸高周囲長〔cm〕,,,,,,,,,,,,
#,,note,備考,,,,,,,,,,,,
#,,s_data,調査日,,,,,,,,,,,,
#/note,,,,,,,,,,,,,,,
#,20070501,Data of 2006 was arranged.,,,,,,,,,,,,,
#,20101105,データ成形（鈴木智之）,,,,,,,,,,,,,
#,,2010年調査時に2005年次データを一部修正（並川さん）（元データ参照）,,,,,,,,,,,,,
#,,tag_no=246 測定間違いの可能性あり->05をnd,,,,,,,,,,,,,
#,,tag_no=432 測定間違いの可能性あり->10をviに,,,,,,,,,,,,,
#,,tag_no=793 測定間違いの可能性あり->10をvnに,,,,,,,,,,,,,
#,20171115,データチェック（日野貴文）,,,,,,,,,,,,,
#,,死亡年の翌年以降も「ｄ」が入力されている→「dd」を入力,,,,,,,,,,,,,
#,,欠測データが空白セルになっている→「nd」を入力,,,,,,,,,,,,,
#/data,,,,,,,,,,,,,,,
"mesh_xcord","mesh_ycord","tag_no","indv_no","stem_xcord","stem_ycord","spc_japan","gbh05","gbh10","gbh15","note05","note10","note15","s_date05","s_date10","s_date15","dl05","dl10","dl15","rec05","rec10","rec15","error05","error10","error15"
0,0,1,1,1.5,2.1,"シナノキ",86.8,94,101.3,"852",NA,NA,20051115,20101016,20151005,0,0,0,0,0,0,0,0,0
0,0,2,2,2.5,6,"ハルニレ",80.3,NA,NA,NA,"根返り",NA,20051115,20101016,20151005,0,1,2,0,0,0,0,0,0
0,0,3,3,4.7,5.2,"キハダ",74.2,NA,NA,NA,"根返り",NA,20051115,20101016,20151005,0,1,2,0,0,0,0,0,0
0,0,4,4,3.9,1.6,"シナノキ",41,41.2,41.9,NA,NA,NA,20051115,20101016,20151005,0,0,0,0,0,0,0,0,0
0,0,5,5,4,9.3,"カツラ",59,65.5,70.6,NA,NA,NA,20051115,20101016,20151005,0,0,0,0,0,0,0,0,0
0,0,6,6,5.9,5.2,"トドマツ",16.8,19,19,NA,"傾斜",NA,20051115,20101016,20151005,0,0,0,0,0,0,0,0,0
0,0,7,7,6.6,3.5,"ヤチダモ",87.9,NA,NA,NA,"根返り",NA,20051115,20101016,20151005,0,1,2,0,0,0,0,0,0
0,0,8,8,7.7,5.1,"ヤチダモ",82,92,95.6,NA,NA,NA,20051115,20101016,20151005,0,0,0,0,0,0,0,0,0
0,0,9,9,9.9,6.8,"トドマツ",22.5,23.7,26.1,NA,NA,NA,20051115,20101016,20151005,0,0,0,0,0,0,0,0,0
10,0,10,10,3.5,5.9,"ヤチダモ",100.9,106.6,114.3,NA,NA,NA,20051115,20101016,20151005,0,0,0,0,0,0,0,0,0
10,0,11,11,0.5,4.7,"シナノキ",63.9,67.6,68.3,NA,NA,NA,20051115,20101016,20151005,0,0,0,0,0,0,0,0,0
10,0,12,12,2.8,1.5,"トドマツ",27.6,29.5,31.7,"ツル込み","05年ツル込みとしていたが，実際にはツルなし",NA,20051115,20101016,20151005,0,0,0,0,0,0,0,0,0
10,0,13,13,3.7,0.3,"ハルニレ",90.8,91.2,93.6,NA,NA,NA,20051115,20101016,20151005,0,0,0,0,0,0,0,0,0
10,0,14,14,5.4,2.4,"ウダイカンバ",92.5,91.1,NA,NA,"枯死しつつある","立枯れ",20051115,20101016,20151005,0,0,1,0,0,0,0,0,0
10,0,15,14,5.4,2.4,"ウダイカンバ",46.5,NA,NA,"14と同株","幹折れ","立枯れ",20051115,20101016,20151005,0,1,2,0,0,0,0,0,0
10,0,16,16,3.4,5.1,"トドマツ",16.5,18.1,19.8,NA,NA,NA,20051115,20101016,20151005,0,0,0,0,0,0,0,0,0
10,0,17,17,7.4,9.1,"トドマツ",21.1,NA,NA,NA,"根返り",NA,20051115,20101016,20151005,0,1,2,0,0,0,0,0,0
10,0,18,18,8.5,8.4,"シナノキ",57.3,58.8,60.5,NA,NA,NA,20051115,20101016,20151005,0,0,0,0,0,0,0,0,0
10,0,19,19,8.8,9,"トドマツ",19.1,19.2,22.5,NA,NA,"ツル込み",20051115,20101016,20151005,0,0,0,0,0,0,0,0,0
10,0,20,20,6.8,5,"ヤチダモ",70.2,72.6,75.7,"ツル込み","以前のデータではツルなしとしていたが，「ツル込み」",NA,20051115,20101016,20151005,0,0,0,0,0,0,0,0,0
20,0,21,21,0.5,1.6,"シナノキ",36.6,NA,NA,NA,"根元折れ",NA,20051115,20101016,20151005,0,1,2,0,0,0,0,0,0
20,0,22,22,3.2,2.1,"ヤチダモ",95,101.4,106.8,NA,NA,NA,20051115,20101016,20151005,0,0,0,0,0,0,0,0,0
20,0,23,23,2.6,3.2,"シナノキ",54.2,54.5,54.5,NA,NA,NA,20051115,20101016,20151005,0,0,0,0,0,0,0,0,0
20,0,24,24,1.2,4.7,"トドマツ",20.3,22.3,25,NA,NA,NA,20051115,20101016,20151005,0,0,0,0,0,0,0,0,0
20,0,25,25,0.3,5.2,"ハルニレ",47.6,47.9,48.4,NA,NA,NA,20051115,20101016,20151005,0,0,0,0,0,0,0,0,0
20,0,26,26,1.4,8.6,"トドマツ",34.1,36.6,40.5,NA,NA,NA,20051115,20101016,20151005,0,0,0,0,0,0,0,0,0
20,0,27,27,2.5,7.9,"トドマツ",20.3,21.2,22.3,NA,NA,NA,20051115,20101016,20151005,0,0,0,0,0,0,0,0,0
20,0,28,28,2.8,7.6,"ミズナラ",139.4,139.4,140,NA,NA,NA,20051115,20101016,20151005,0,0,0,0,0,0,0,0,0
20,0,29,29,3.3,5.9,"シナノキ",33.8,NA,NA,NA,"根元折れ",NA,20051115,20101016,20151005,0,1,2,0,0,0,0,0,0
20,0,30,30,6,4.7,"トドマツ",18.5,NA,NA,NA,"立枯れ",NA,20051115,20101016,20151005,0,1,2,0,0,0,0,0,0
20,0,31,31,7.7,0.4,"シナノキ",80.1,83.7,86.7,NA,NA,NA,20051115,20101016,20151005,0,0,0,0,0,0,0,0,0
20,0,32,32,9.5,1.5,"イタヤカエデ",24,24.1,24.1,NA,NA,NA,20051115,20101016,20151005,0,0,0,0,0,0,0,0,0
30,0,33,33,1.3,2.9,"ハルニレ",59.6,59.3,59.9,NA,NA,NA,20051115,20101016,20151005,0,0,0,0,0,0,0,0,0
30,0,34,34,2.3,4,"シナノキ",87.8,89.3,90.7,"（35のアルミタグを一緒に貼り付け）と同じ株",NA,NA,20051115,20101016,20151005,0,0,0,0,0,0,0,0,0
30,0,36,34,1.7,3.3,"シナノキ",96.3,102,105.4,"34と同株",NA,NA,20051115,20101016,20151005,0,0,0,0,0,0,0,0,0
30,0,37,37,4,3,"オオバボダイジュ",50.5,NA,NA,NA,"幹折れ",NA,20051115,20101016,20151005,0,1,2,0,0,0,0,0,0
30,0,38,38,3.5,3.4,"アオダモ",28.4,29.3,29.8,NA,NA,NA,20051115,20101016,20151005,0,0,0,0,0,0,0,0,0
30,0,39,39,6.2,1.1,"シナノキ",54.8,57.3,55.3,NA,NA,NA,20051115,20101016,20151005,0,0,0,0,0,0,0,0,0
30,0,40,40,0.9,5.3,"シナノキ",39.6,39.8,39.8,NA,NA,NA,20051115,20101016,20151005,0,0,0,0,0,0,0,0,0
20,0,41,41,9.1,5,"シナノキ",36.6,NA,NA,NA,"幹折れ",NA,20051115,20101016,20151005,0,1,2,0,0,0,0,0,0
20,0,42,42,6.9,7.9,"シナノキ",28.9,29.2,29.4,NA,NA,NA,20051115,20101016,20151005,0,0,0,0,0,0,0,0,0
20,0,43,43,7.2,8.3,"ツリバナ",31.3,31.5,31.6,NA,NA,NA,20051115,20101016,20151005,0,0,0,0,0,0,0,0,0
30,0,44,44,1,8.6,"トドマツ",41,42.9,45.8,NA,NA,NA,20051115,20101016,20151005,0,0,0,0,0,0,0,0,0
30,0,45,45,5.2,7.3,"アオダモ",15,NA,NA,"先枯れ","根元折れ",NA,20051115,20101016,20151005,0,1,2,-1,-1,-1,0,0,0
30,0,46,46,8,6.4,"ミズナラ",130.2,136.4,142.2,NA,NA,NA,20051115,20101016,20151005,0,0,0,0,0,0,0,0,0
30,0,47,46,8,6.4,"ミズナラ",85,88.5,91.8,"46と同じ株",NA,NA,20051115,20101016,20151005,0,0,0,0,0,0,0,0,0
30,0,48,48,8.8,9,"ミズナラ",216.2,223.5,227.3,NA,NA,NA,20051115,20101016,20151005,0,0,0,0,0,0,0,0,0
40,0,49,49,0.1,8.7,"シナノキ",39.3,40.4,40.2,NA,NA,NA,20051115,20101016,20151005,0,0,0,0,0,0,0,0,0
40,0,50,50,3.2,1.1,"イタヤカエデ",35,35.7,36.7,NA,NA,NA,20051115,20101016,20151005,0,0,0,0,0,0,0,0,0
40,0,51,51,5.2,1.3,"シナノキ",63.8,64.2,63.8,"先折れ",NA,NA,20051115,20101016,20151005,0,0,0,0,0,0,0,0,0
40,0,52,52,5.9,3.7,"シナノキ",33.8,33.6,NA,"先折れ",NA,"幹折れ",20051115,20101016,20151005,0,0,1,0,0,0,0,0,0
40,0,53,53,9.2,4.6,"ナナカマド",17,19.6,21.9,NA,NA,NA,20051115,20101016,20151005,0,0,0,0,0,0,0,0,0
50,0,54,54,0.3,0.3,"ベニイタヤ",70.3,72.3,74,NA,NA,NA,20051115,20101016,20151005,0,0,0,0,0,0,0,0,0
50,0,55,55,1.1,2.1,"トドマツ",37.2,40.4,NA,NA,NA,"枯れ（不明）",20051115,20101016,20151005,0,0,1,0,0,0,0,0,0
50,0,56,56,1.1,3.4,"ミズキ",64.6,NA,NA,NA,"立枯れ",NA,20051115,20101016,20151005,0,1,2,0,0,0,0,0,0
50,0,57,57,6,0,"アオダモ",45.8,49,51,NA,NA,NA,20051115,20101016,20151005,0,0,0,0,0,0,0,0,0
50,0,58,58,6.4,1.7,"ミズキ",51,52.2,52.2,NA,NA,NA,20051115,20101016,20151005,0,0,0,0,0,0,0,0,0
50,0,59,59,8.8,0.2,"アオダモ",24,26.8,29.3,NA,NA,NA,20051115,20101016,20151005,0,0,0,0,0,0,0,0,0
50,0,60,60,5.5,9.6,"シナノキ",51.7,55.2,58.6,NA,NA,NA,20051115,20101016,20151005,0,0,0,0,0,0,0,0,0
50,0,61,61,4.6,9.4,"シウリザクラ",19.8,23.9,27,NA,NA,NA,20051115,20101016,20151005,0,0,0,0,0,0,0,0,0
60,0,62,62,0.6,9.3,"アオダモ",69.3,NA,NA,NA,"根返り",NA,20051115,20101016,20151005,0,1,2,0,0,0,0,0,0
60,0,63,62,0.6,9.3,"アオダモ",16.8,NA,NA,"62と同株","根返り",NA,20051115,20101016,20151005,0,1,2,0,0,0,0,0,0
60,0,64,64,0.4,10,"ナナカマド",71.9,NA,NA,NA,"立枯れ",NA,20051115,20101016,20151005,0,1,2,0,0,0,0,0,0
60,0,65,65,1.7,5.2,"コシアブラ",77.8,NA,NA,NA,"立枯れ",NA,20051115,20101016,20151005,0,1,2,0,0,0,0,0,0
60,0,66,66,5.2,0.7,"カツラ",31.8,35,39,NA,NA,NA,20051115,20101016,20151005,0,0,0,0,0,0,0,0,0
60,0,68,68,5.6,0.3,"ミヤマザクラ",86.2,NA,NA,"先枯れ","幹折れ",NA,20051115,20101016,20151005,0,1,2,0,0,0,0,0,0
60,0,69,69,5.8,5.5,"ミズナラ",137.3,147.3,155.7,"ツル込み",NA,NA,20051115,20101016,20151005,0,0,0,0,0,0,0,0,0
60,0,70,70,5.8,6.7,"ベニイタヤ",29.6,NA,NA,NA,"立枯れ",NA,20051115,20101016,20151005,0,1,2,0,0,0,0,0,0
60,0,71,71,9.7,2.5,"アオダモ",25.8,28.8,29.2,NA,NA,NA,20051115,20101016,20151005,0,0,0,0,0,0,0,0,0
70,0,72,72,4,2,"ヤマグワ",41.7,46.5,47.8,NA,NA,NA,20051115,20101016,20151005,0,0,0,0,0,0,0,0,0
70,0,73,73,1.5,2.5,"アオダモ",15.5,16.7,17.2,NA,NA,NA,20051115,20101016,20151005,0,0,0,-1,1,0,0,0,0
70,0,74,74,7,6,"ミズナラ",148.5,156.5,165.5,NA,NA,NA,20051115,20101016,20151005,0,0,0,0,0,0,0,0,0
70,0,75,75,5,8.1,"シウリザクラ",16.2,16.2,NA,NA,NA,"立枯れ",20051115,20101016,20151005,0,0,1,0,0,0,0,0,0
70,0,76,76,8.2,3,"サワシバ",79.3,81.2,82.5,NA,NA,NA,20051115,20101016,20151005,0,0,0,0,0,0,0,0,0
70,0,77,77,8.2,3,"サワシバ",44.5,43.5,44.3,"76と同株",NA,NA,20051115,20101016,20151005,0,0,0,0,0,0,0,0,0
0,10,78,78,0.7,4,"モイワボダイジュ",75.1,77,78.4,"ツル込み",NA,NA,20051115,20101016,20151005,0,0,0,0,0,0,0,0,0
0,10,79,79,2.3,7.4,"ヤチダモ",92.5,97.9,102.3,"ツル込み",NA,NA,20051115,20101016,20151005,0,0,0,0,0,0,0,0,0
0,10,80,80,3.8,3,"シナノキ",61,62,62.8,NA,NA,NA,20051115,20101016,20151005,0,0,0,0,0,0,0,0,0
0,10,81,81,4.1,3.1,"トドマツ",20,22.8,25.4,NA,NA,NA,20051115,20101016,20151005,0,0,0,0,0,0,0,0,0
0,10,82,82,4.9,3.2,"シナノキ",113.5,119.4,122.9,NA,NA,NA,20051115,20101016,20151005,0,0,0,0,0,0,0,0,0
0,10,83,83,4.7,4.3,"ハルニレ",84.7,89.8,96,NA,NA,NA,20051115,20101016,20151005,0,0,0,0,0,0,0,0,0
0,10,84,84,2.4,8.1,"イタヤカエデ",NA,15.5,15.8,"","05年にプレートを貼ったが，15cm未満であった個体（オリジナルシートにも記載）","",NA,20101022,20151005,0,0,0,-1,-1,1,0,0,0
0,10,85,85,3.4,1.1,"ハルニレ",111,NA,NA,NA,"幹折れ",NA,20051115,20101016,20151005,0,1,2,0,0,0,0,0,0
0,10,86,86,5.6,1.8,"ヤチダモ",69.2,71.8,75.8,NA,NA,NA,20051115,20101016,20151005,0,0,0,0,0,0,0,0,0
0,10,87,87,7.1,1.5,"アオダモ",41.3,42.4,NA,NA,NA,"根返り",20051115,20101016,20151005,0,0,1,0,0,0,0,0,0
0,10,88,88,9.7,6.8,"トドマツ",28,28.7,29.3,"先折れ",NA,NA,20051115,20101016,20151005,0,0,0,0,0,0,0,0,0
10,10,89,89,0.3,6.9,"トドマツ",22.4,25.4,28,NA,NA,NA,20051115,20101016,20151005,0,0,0,0,0,0,0,0,0
10,10,90,90,0.6,7.5,"トドマツ",17.3,NA,NA,NA,"立枯れ",NA,20051115,20101016,20151005,0,1,2,0,0,0,0,0,0
10,10,92,92,5.4,1.9,"トドマツ",21.4,23,24.9,NA,NA,NA,20051115,20101016,20151005,0,0,0,0,0,0,0,0,0
10,10,93,93,6.6,2,"シナノキ",42.5,NA,NA,"先折れ","立枯れ",NA,20051115,20101016,20151005,0,1,2,0,0,0,0,0,0
10,10,94,94,7.7,3.6,"トドマツ",24,24,NA,NA,NA,"立枯れ（ツル）",20051115,20101016,20151005,0,0,1,0,0,0,0,0,0
10,10,95,95,8.9,3.4,"ミズナラ",55.8,56,56.7,NA,NA,NA,20051115,20101016,20151005,0,0,0,0,0,0,0,0,0
10,10,96,96,8.8,4.7,"ヤチダモ",70.9,75.1,79.7,NA,NA,NA,20051115,20101016,20151005,0,0,0,0,0,0,0,0,0
10,10,97,97,9.4,3.9,"ヤチダモ",64.3,65,65.9,NA,NA,NA,20051115,20101016,20151005,0,0,0,0,0,0,0,0,0
10,10,98,98,7.8,5.7,"カツラ",37.7,40.4,43.8,NA,NA,NA,20051115,20101016,20151005,0,0,0,0,0,0,0,0,0
10,10,99,99,4.1,7.2,"トドマツ",24.6,26.3,28.8,NA,NA,NA,20051115,20101016,20151005,0,0,0,0,0,0,0,0,0
20,10,100,100,1.2,1.3,"トドマツ",23.6,25.7,28,NA,NA,NA,20051115,20101016,20151005,0,0,0,0,0,0,0,0,0
20,10,101,101,1.6,1.8,"モイワボダイジュ",42.9,43.1,43.5,NA,NA,NA,20051115,20101016,20151005,0,0,0,0,0,0,0,0,0
20,10,102,102,2.3,0.2,"シナノキ",92.1,95.9,97.9,NA,NA,NA,20051115,20101016,20151005,0,0,0,0,0,0,0,0,0
20,10,103,103,4.6,4.6,"ハリギリ",75,NA,NA,"先折れ","立枯れ",NA,20051115,20101016,20151005,0,1,2,0,0,0,0,0,0
20,10,104,104,5.6,2,"ハルニレ",82.3,86.4,90.6,"先折れ",NA,NA,20051115,20101016,20151005,0,0,0,0,0,0,0,0,0
20,10,105,105,2.6,5.7,"ヤチダモ",64,66.4,68.3,NA,NA,NA,20051115,20101016,20151005,0,0,0,0,0,0,0,0,0
20,10,106,106,2.7,7.5,"トドマツ",18.2,NA,26.9,NA,"立枯れ","記録違い（2010年は欠測）",20051115,20101016,20151005,0,0,0,0,0,0,0,1,0
20,10,107,107,5,5.6,"トドマツ",20.8,20.8,22.7,NA,NA,NA,20051115,20101016,20151005,0,0,0,0,0,0,0,0,0
20,10,108,108,7.8,3.7,"トドマツ",25.2,25.7,25.9,NA,NA,NA,20051115,20101016,20151005,0,0,0,0,0,0,0,0,0
20,10,109,109,7.9,7.5,"カツラ",55.8,58,59.9,NA,NA,NA,20051115,20101016,20151005,0,0,0,0,0,0,0,0,0
30,10,110,110,2.1,5.1,"ミズナラ",34.9,NA,NA,NA,"立枯れ",NA,20051115,20101016,20151005,0,1,2,0,0,0,0,0,0
30,0,111,111,2.5,9.5,"シナノキ",27.7,NA,NA,NA,"立枯れ",NA,20051115,20101016,20151005,0,1,2,0,0,0,0,0,0
30,0,112,111,2.7,9.2,"シナノキ",45.3,45.2,45.2,"111と同じ株",NA,NA,20051115,20101016,20151005,0,0,0,0,0,0,0,0,0
30,0,113,111,2.9,9.7,"シナノキ",59.8,61.8,62.9,"111と同じ株",NA,NA,20051115,20101016,20151005,0,0,0,0,0,0,0,0,0
30,10,114,114,4.5,1.5,"シナノキ",70.8,72.6,73.6,NA,NA,NA,20051115,20101016,20151005,0,0,0,0,0,0,0,0,0
30,10,115,115,6.7,6.5,"ハルニレ",120.3,121,121.2,NA,NA,NA,20051115,20101016,20151005,0,0,0,0,0,0,0,0,0
30,10,116,116,4.9,7.9,"トドマツ",34.2,36,36.8,NA,NA,NA,20051115,20101016,20151005,0,0,0,0,0,0,0,0,0
30,10,118,118,8.8,7.4,"アズキナシ",35.3,35.4,NA,NA,NA,"幹折れ",20051115,20101016,20151005,0,0,1,0,0,0,0,0,0
40,10,119,119,0.9,8.6,"トドマツ",37.6,37.9,37.5,NA,NA,NA,20051115,20101016,20151005,0,0,0,0,0,0,0,0,0
40,10,120,120,1.5,8.3,"ミズナラ",120.5,126,127,NA,NA,NA,20051115,20101016,20151005,0,0,0,0,0,0,0,0,0
40,10,121,121,3.7,9.4,"トドマツ",16.4,NA,NA,NA,"根元折れ",NA,20051115,20101016,20151005,0,1,2,0,0,0,0,0,0
30,10,122,122,8.4,8.9,"トドマツ",25.7,25.7,NA,NA,NA,"幹折れ",20051115,20101016,20151005,0,0,1,0,0,0,0,0,0
40,10,123,123,1.8,1.6,"ツリバナ",15.7,17.2,17.7,NA,NA,NA,20051115,20101016,20151005,0,0,0,0,0,0,0,0,0
40,10,124,124,2.8,1.8,"アオダモ",38.8,40,40.1,NA,NA,NA,20051115,20101016,20151005,0,0,0,0,0,0,0,0,0
40,0,125,125,3,9.7,"シナノキ",37.3,NA,NA,NA,"立枯れ",NA,20051115,20101016,20151005,0,1,2,0,0,0,0,0,0
40,10,126,126,7.1,3,"ミズナラ",96.3,95.8,NA,NA,NA,"根元折れ",20051115,20101016,20151005,0,0,1,0,0,0,0,0,0
40,10,127,127,5.3,5.7,"シナノキ",120,121.3,124.6,NA,NA,NA,20051115,20101016,20151005,0,0,0,0,0,0,0,0,0
40,10,128,128,7.9,8,"トドマツ",21.3,24.4,28.7,NA,NA,NA,20051115,20101016,20151005,0,0,0,0,0,0,0,0,0
40,10,129,129,7.8,7.3,"アオダモ",34.8,36.5,36.9,NA,NA,NA,20051115,20101016,20151005,0,0,0,0,0,0,0,0,0
40,10,130,130,7.1,9.7,"ハルニレ",111.8,119.6,119.9,NA,NA,NA,20051115,20101016,20151005,0,0,0,0,0,0,0,0,0
50,10,131,131,4.7,8.7,"トドマツ",16.7,20,24,NA,NA,NA,20051115,20101016,20151005,0,0,0,0,0,0,0,0,0
50,10,132,132,7.2,6.7,"アオダモ",15.3,NA,NA,"先枯れ","根元折れ",NA,20051115,20101016,20151005,0,1,2,-1,-1,-1,0,0,0
50,10,133,133,3.6,5.7,"アオダモ",19.1,21.2,NA,NA,NA,"立枯れ",20051115,20101016,20151005,0,0,1,0,0,0,0,0,0
50,10,134,134,6.6,1.8,"ミズナラ",128.2,134,139.6,NA,"ツル込み（以前から）",NA,20051115,20101016,20151005,0,0,0,0,0,0,0,0,0
60,10,135,135,0.9,4.1,"イタヤカエデ",27.7,28.9,32.8,NA,"ツル込み（以前から）",NA,20051115,20101016,20151005,0,0,0,0,0,0,0,0,0
60,10,136,135,0.9,4.1,"イタヤカエデ",70.4,77.9,85.5,"135と同株",NA,NA,20051115,20101016,20151005,0,0,0,0,0,0,0,0,0
60,10,137,137,1,2.4,"ベニイタヤ",128.8,NA,NA,NA,"根返り",NA,20051115,20101016,20151005,0,1,2,0,0,0,0,0,0
60,10,138,138,0.9,5.7,"アオダモ",33.2,34.6,35.3,NA,NA,NA,20051115,20101016,20151005,0,0,0,0,0,0,0,0,0
60,10,140,140,5.8,5,"キタコブシ",47.7,47.7,48,NA,NA,NA,20051115,20101016,20151005,0,0,0,0,0,0,0,0,0
60,10,141,141,8.9,2,"シナノキ",19,19.8,19.9,NA,NA,NA,20051115,20101016,20151005,0,0,0,0,0,0,0,0,0
70,10,142,142,0.3,1.9,"カツラ",147.4,149.5,150,NA,NA,NA,20051115,20101016,20151005,0,0,0,0,0,0,0,0,0
70,10,143,143,0,5.2,"ミズキ",29.5,33.1,35.2,NA,NA,NA,20051115,20101016,20151005,0,0,0,0,0,0,0,0,0
70,10,144,144,2.3,6.1,"シナノキ",99.8,103.5,105.3,NA,NA,NA,20051115,20101016,20151005,0,0,0,0,0,0,0,0,0
70,10,145,145,7.2,0.2,"アオダモ",34.1,34.4,NA,NA,NA,"立枯れ",20051115,20101016,20151005,0,0,1,0,0,0,0,0,0
70,10,146,145,7.2,0.2,"アオダモ",22.8,23.6,23.6,"145と同株",NA,NA,20051115,20101016,20151005,0,0,0,0,0,0,0,0,0
70,10,147,147,5.9,3.1,"ベニイタヤ",82.5,84.4,83.4,"ツル込み",NA,NA,20051115,20101016,20151005,0,0,0,0,0,0,0,0,0
70,10,148,148,5.2,6.6,"ハウチワカエデ",51.5,51.5,51.5,NA,NA,NA,20051115,20101016,20151005,0,0,0,0,0,0,0,0,0
70,10,149,148,5.2,6.6,"ハウチワカエデ",17.2,20.7,22,"148と同株",NA,NA,20051115,20101016,20151005,0,0,0,0,0,0,0,0,0
70,10,150,150,8.3,2.1,"イタヤカエデ",105.3,108.4,112.1,NA,NA,NA,20051115,20101016,20151005,0,0,0,0,0,0,0,0,0
70,10,151,151,8,6.2,"トドマツ",18.4,22.2,25.2,NA,NA,NA,20051115,20101016,20151005,0,0,0,0,0,0,0,0,0
70,10,152,152,8.7,5.2,"ミズナラ",42.2,44.3,47,NA,NA,NA,20051115,20101016,20151005,0,0,0,0,0,0,0,0,0
0,20,153,153,0.3,6.2,"イタヤカエデ",21.8,24.4,27.6,NA,NA,NA,20051115,20101016,20151005,0,0,0,0,0,0,0,0,0
0,20,154,154,4.2,9.3,"ヤチダモ",89.2,NA,99.7,NA,"立枯れ","記録違い（生残）",20051115,20101016,20151005,0,0,0,0,0,0,0,1,0
0,20,155,155,8.5,0.4,"シナノキ",74.2,76.2,76.7,"ツル込み",NA,NA,20051115,20101016,20151005,0,0,0,0,0,0,0,0,0
10,20,156,156,0.7,1.5,"トドマツ",19.7,20.4,21.6,NA,NA,"Y座標の変更（mesh_yを10から20に）",20051115,20101016,20151005,0,0,0,0,0,0,0,0,0
10,20,157,157,1.1,1.7,"ヤチダモ",72.9,75.1,78.2,NA,NA,NA,20051115,20101016,20151005,0,0,0,0,0,0,0,0,0
10,20,158,158,1.3,5.3,"シナノキ",74.6,81,89,NA,NA,NA,20051115,20101016,20151005,0,0,0,0,0,0,0,0,0
10,20,159,158,1.3,5.3,"シナノキ",59.2,59.5,60.6,"158と同株",NA,NA,20051115,20101016,20151005,0,0,0,0,0,0,0,0,0
10,20,160,160,2.8,3.3,"トドマツ",15,15,15.8,NA,NA,NA,20051115,20101016,20151005,0,0,0,-1,-1,1,0,0,0
10,20,161,161,5.5,2.2,"トドマツ",25.9,NA,NA,NA,"立枯れ",NA,20051115,20101016,20151005,0,1,2,0,0,0,0,0,0
10,20,162,162,7.4,0.7,"ハルニレ",95,95,97.3,"ツル込み",NA,NA,20051115,20101016,20151005,0,0,0,0,0,0,0,0,0
10,20,163,163,7.8,1.2,"アオダモ",30,31,31.3,NA,NA,NA,20051115,20101016,20151005,0,0,0,0,0,0,0,0,0
10,20,164,164,9.5,2.2,"トドマツ",31.2,32.5,35.3,NA,NA,NA,20051115,20101016,20151005,0,0,0,0,0,0,0,0,0
10,20,165,165,9.6,2.5,"ハルニレ",59.4,59.6,59.5,NA,NA,NA,20051115,20101016,20151005,0,0,0,0,0,0,0,0,0
10,20,167,167,6.5,5,"シラカンバ",157.2,157.4,157.4,NA,NA,NA,20051115,20101016,20151005,0,0,0,0,0,0,0,0,0
10,20,168,168,5.6,6.6,"カツラ",86.2,94.2,103.2,NA,NA,NA,20051115,20101016,20151005,0,0,0,0,0,0,0,0,0
20,20,170,170,0.6,9.8,"シナノキ",55.3,NA,59.8,NA,"根元折れ","記録違い（生残）",20051115,20101016,20151005,0,0,0,0,0,0,0,1,0
20,20,171,171,2.2,6.3,"アオダモ",25.3,26.4,NA,NA,"傾斜","根元折れ",20051115,20101016,20151005,0,0,1,0,0,0,0,0,0
20,20,172,172,5.8,9.1,"ハルニレ",79,79.2,79.4,NA,NA,NA,20051115,20101016,20151005,0,0,0,0,0,0,0,0,0
20,20,173,173,6.2,8.7,"ハルニレ",69.1,69.6,NA,NA,NA,"立枯れ",20051115,20101016,20151005,0,0,1,0,0,0,0,0,0
20,20,174,174,7.7,6.2,"シナノキ",62.8,63.2,63.6,NA,NA,NA,20051115,20101016,20151005,0,0,0,0,0,0,0,0,0
20,20,175,174,7.7,6.2,"シナノキ",38,38.1,37.8,"174と同株",NA,NA,20051115,20101016,20151005,0,0,0,0,0,0,0,0,0
20,20,176,174,7.7,6.2,"シナノキ",45.5,45.5,NA,"174と同株",NA,"立枯れ",20051115,20101016,20151005,0,0,1,0,0,0,0,0,0
20,20,177,177,8.5,3.9,"ベニイタヤ",32.9,34.8,35.9,NA,NA,NA,20051115,20101016,20151005,0,0,0,0,0,0,0,0,0
20,20,178,178,6.5,1.6,"ヤチダモ",81.5,85.3,91.3,NA,NA,"Y座標の変更（mesh_yを10から20に）",20051115,20101016,20151005,0,0,0,0,0,0,0,0,0
20,20,179,178,6.5,1.6,"ヤチダモ",98.3,104.4,108.2,"178と同株",NA,NA,20051115,20101016,20151005,0,0,0,0,0,0,0,0,0
20,20,180,180,8.1,0.9,"シナノキ",33.2,33,NA,"先折れ",NA,"立枯れ",20051115,20101016,20151005,0,0,1,0,0,0,0,0,0
30,20,181,181,2.4,1.7,"ハルニレ",91.4,93.5,96,NA,NA,NA,20051115,20101016,20151005,0,0,0,0,0,0,0,0,0
30,20,182,182,3,5.2,"ミズナラ",126.3,131.5,135.3,NA,NA,NA,20051115,20101016,20151005,0,0,0,0,0,0,0,0,0
30,20,183,183,2,6.9,"イタヤカエデ",21.1,21.3,21.2,NA,NA,NA,20051115,20101016,20151005,0,0,0,0,0,0,0,0,0
30,20,184,184,4.3,9.2,"シナノキ",95.3,101.8,111.4,NA,NA,NA,20051115,20101016,20151005,0,0,0,0,0,0,0,0,0
30,20,185,184,4.3,9.2,"シナノキ",89.2,91.7,93.4,"184と同株",NA,NA,20051115,20101016,20151005,0,0,0,0,0,0,0,0,0
30,30,187,187,4.8,0.4,"ナナカマド",23.9,24.9,26.1,NA,NA,NA,20051115,20101016,20151013,0,0,0,0,0,0,0,0,0
30,20,188,188,6.5,7.8,"シラカンバ",141.7,146.7,152.5,"ツル込み",NA,NA,20051115,20101016,20151005,0,0,0,0,0,0,0,0,0
30,20,189,189,5.1,2.6,"シナノキ",136.7,142.5,150.5,NA,NA,NA,20051115,20101016,20151005,0,0,0,0,0,0,0,0,0
30,10,190,190,7.6,9.5,"ミズナラ",78.3,81.4,84.4,NA,NA,NA,20051115,20101016,20151005,0,0,0,0,0,0,0,0,0
40,20,191,191,2,4.9,"ヤチダモ",63.6,NA,NA,NA,"立枯れ",NA,20051115,20101016,20151005,0,1,2,0,0,0,0,0,0
40,20,192,192,2.1,3.2,"ホオノキ",47.7,48.3,47.5,NA,NA,NA,20051115,20101016,20151005,0,0,0,0,0,0,0,0,0
40,10,193,193,3.2,10,"コシアブラ",57.6,59,NA,NA,NA,"立枯れ",20051115,20101016,20151005,0,0,1,0,0,0,0,0,0
40,20,194,194,6.3,1,"ヤチダモ",90.4,93.5,96.9,NA,NA,NA,20051115,20101016,20151005,0,0,0,0,0,0,0,0,0
40,20,195,195,9.2,0.4,"ホオノキ",64.2,67,70,NA,NA,NA,20051115,20101016,20151005,0,0,0,0,0,0,0,0,0
40,20,197,197,8.5,9.6,"ミズナラ",116.8,120.3,122.8,NA,NA,NA,20051115,20101016,20151005,0,0,0,0,0,0,0,0,0
40,20,198,198,9.2,8.2,"トドマツ",NA,14.7,15.6,"",NA,NA,NA,20101022,20151005,0,0,0,-1,-1,-1,0,0,0
40,20,199,199,9.2,7.5,"トドマツ",17.5,18.8,19.9,NA,NA,NA,20051115,20101016,20151005,0,0,0,0,0,0,0,0,0
40,20,200,200,8.2,7.1,"トドマツ",15.1,16.3,17.6,NA,NA,NA,20051115,20101016,20151005,0,0,0,-1,1,0,0,0,0
40,20,201,201,8.9,5.9,"トドマツ",17.8,18.2,18.7,NA,NA,NA,20051115,20101016,20151005,0,0,0,0,0,0,0,0,0
50,20,202,202,1.8,2.8,"トドマツ",21.3,24,27,NA,NA,NA,20051115,20101016,20151005,0,0,0,0,0,0,0,0,0
50,20,203,203,0.5,4.1,"トドマツ",26.6,30,33.5,NA,NA,NA,20051115,20101016,20151005,0,0,0,0,0,0,0,0,0
50,20,204,204,1,4.2,"シナノキ",128,131,132.2,NA,NA,NA,20051115,20101016,20151005,0,0,0,0,0,0,0,0,0
50,20,205,205,2.1,7.6,"ミズナラ",69,NA,70.8,"枯れ（幹折れ）",NA,"記録違い（生残）",20051115,20101016,20151005,0,0,0,0,0,0,0,1,0
50,20,206,206,1.2,9,"ミズナラ",132.8,140.9,144.6,NA,NA,NA,20051115,20101016,20151005,0,0,0,0,0,0,0,0,0
50,20,207,207,5,5.3,"トドマツ",23,24.3,27,NA,NA,NA,20051115,20101016,20151005,0,0,0,0,0,0,0,0,0
50,20,208,208,3.6,0.8,"アオダモ",50.8,53.4,51.9,NA,"ツル込み（以前から）",NA,20051115,20101016,20151005,0,0,0,0,0,0,0,0,0
50,20,209,209,7.7,9.6,"トドマツ",NA,14.5,16.2,"",NA,NA,NA,20101022,20151005,0,0,0,-1,-1,1,0,0,0
50,20,210,210,4.4,9.2,"イタヤカエデ",36.3,NA,NA,NA,"立枯れ",NA,20051115,20101016,20151005,0,1,2,0,0,0,0,0,0
50,20,211,211,4.7,9.7,"イタヤカエデ",42,43.7,43.4,NA,NA,NA,20051115,20101016,20151005,0,0,0,0,0,0,0,0,0
60,20,212,212,2.5,9.1,"トドマツ",17.6,20,21.1,NA,NA,NA,20051115,20101016,20151005,0,0,0,0,0,0,0,0,0
60,20,213,213,2.2,7.8,"イタヤカエデ",36.8,42,43.6,NA,NA,NA,20051115,20101016,20151005,0,0,0,0,0,0,0,0,0
60,20,214,214,3.5,10,"ハルニレ",128.2,132.2,136.9,NA,NA,NA,20051115,20101016,20151005,0,0,0,0,0,0,0,0,0
60,20,215,215,5.9,5,"シナノキ",112,114.5,116.9,"先折れ",NA,NA,20051115,20101016,20151005,0,0,0,0,0,0,0,0,0
60,20,216,216,5.3,4.7,"シナノキ",54.5,55.5,55.2,"先折れ",NA,NA,20051115,20101016,20151005,0,0,0,0,0,0,0,0,0
60,20,217,217,5.7,2.1,"シナノキ",100,102.8,105.1,NA,NA,NA,20051115,20101016,20151005,0,0,0,0,0,0,0,0,0
60,20,218,218,5.8,0.4,"アオダモ",17.1,20.8,21.8,NA,NA,NA,20051115,20101016,20151005,0,0,0,0,0,0,0,0,0
60,20,219,219,0.2,1.4,"シウリザクラ",38.2,40,41,"先枯れ",NA,NA,20051115,20101016,20151005,0,0,0,0,0,0,0,0,0
60,20,220,220,0.8,4,"シナノキ",115.4,115.4,115.5,NA,NA,NA,20051115,20101016,20151005,0,0,0,0,0,0,0,0,0
60,20,221,220,0.8,4,"シナノキ",38.9,38.9,39.2,"220と同株",NA,NA,20051115,20101016,20151005,0,0,0,0,0,0,0,0,0
60,20,223,222,8.5,2.2,"モイワボダイジュ",20.9,21.2,22.5,"222と同株",NA,NA,20051115,20101016,20151005,0,0,0,0,0,0,0,0,0
70,20,224,224,1.8,0.3,"シナノキ",108.4,116,114.2,NA,NA,NA,20051115,20101016,20151005,0,0,0,0,0,0,0,0,0
70,20,225,225,4.5,1.8,"ミズナラ",162.2,172.5,185.2,"先折れ",NA,NA,20051115,20101016,20151005,0,0,0,0,0,0,0,0,0
70,20,226,226,3,6.8,"アオダモ",30.2,33.1,34.9,NA,NA,NA,20051115,20101016,20151005,0,0,0,0,0,0,0,0,0
70,20,227,226,3,6.8,"アオダモ",17.5,18,NA,"倒木に巻き込まれ傾斜",NA,"枯れ",20051115,20101016,20151005,0,0,1,0,0,0,0,0,0
70,20,228,226,3,6.8,"アオダモ",74.5,75.4,92.2,"226と同株",NA,"幹が割けたために大きく増加",20051115,20101016,20151005,0,0,0,0,0,0,0,0,0
70,20,230,230,5.3,9.5,"ベニイタヤ",25.4,29.2,33.5,NA,NA,NA,20051115,20101016,20151005,0,0,0,0,0,0,0,0,0
70,20,231,231,7.1,6,"シウリザクラ",25.4,25.5,26.1,NA,NA,NA,20051115,20101016,20151005,0,0,0,0,0,0,0,0,0
70,20,232,232,9.5,7.6,"トドマツ",25,27.8,30.2,NA,NA,NA,NA,20101016,20151005,0,0,0,0,0,0,0,0,0
70,20,233,233,5.5,4.8,"ニガキ",34.3,34.6,34.8,NA,NA,NA,20051115,20101016,20151005,0,0,0,0,0,0,0,0,0
70,20,234,234,7.4,4.2,"トドマツ",14.6,19,22.7,"",NA,NA,20051115,20101016,20151005,0,0,0,-1,1,0,0,0,0
70,20,234,234,7.4,4.2,"トドマツ",NA,19,22.7,"","05年にプレートを貼ったが，15cm未満であった個体（オリジナルシートにも記載）","",NA,20101022,20151015,0,0,0,-1,1,0,0,0,0
70,20,235,235,8.7,2,"ベニイタヤ",31.1,31.7,32.2,NA,NA,"種名の変更",20051115,20101016,20151005,0,0,0,0,0,0,0,0,0
0,20,236,236,7.1,9.7,"シナノキ",100.7,109.5,114.8,NA,NA,NA,20051115,20101016,20151005,0,0,0,0,0,0,0,0,0
0,30,237,237,0.5,8.6,"ハルニレ",101.4,107.5,NA,"倒木に巻き込まれ傾斜",NA,"立枯れ",20051115,20101016,20151013,0,0,1,0,0,0,0,0,0
0,30,238,238,3.8,1.6,"シナノキ",82.1,86.8,90,NA,NA,NA,20051115,20101016,20151013,0,0,0,0,0,0,0,0,0
0,30,239,239,9.6,5.9,"カツラ",75.5,82,90.5,NA,NA,NA,20051115,20101016,20151013,0,0,0,0,0,0,0,0,0
0,30,240,240,5.1,5.1,"シナノキ",79.9,81.3,81.8,"半分根返り",NA,NA,20051115,20101016,20151013,0,0,0,0,0,0,0,0,0
0,30,241,241,5.6,9,"ミズナラ",89.7,97,104.8,NA,NA,NA,20051115,20101016,20151013,0,0,0,0,0,0,0,0,0
10,30,242,242,0.5,1.9,"シナノキ",153.5,NA,NA,"半分根返り","確認できず（枯死）",NA,20051115,20101016,20151013,0,1,2,0,0,0,0,0,0
10,30,243,243,4,9.7,"シナノキ",55.9,55.9,55.9,NA,NA,NA,20051115,20101016,20151013,0,0,0,0,0,0,0,0,0
10,30,244,244,7.4,9.6,"ハルニレ",72.8,76.9,82.6,NA,NA,NA,20051115,20101016,20151013,0,0,0,0,0,0,0,0,0
10,30,245,245,4.5,6.7,"シナノキ",38.2,NA,NA,"ツル込み","立枯れ",NA,20051115,20101016,20151013,0,1,2,0,0,0,0,0,0
10,30,246,246,6.2,5.8,"ハルニレ",101.8,98.3,99.9,"ツル込み",NA,NA,20051115,20101016,20151013,0,0,0,0,0,0,0,0,0
10,30,247,247,6.2,7.8,"シナノキ",42.6,43,44,"先折れ",NA,NA,20051115,20101016,20151013,0,0,0,0,0,0,0,0,0
10,30,248,248,7.4,6.5,"シナノキ",42.8,43.8,NA,NA,NA,"立枯れ",20051115,20101016,20151013,0,0,1,0,0,0,0,0,0
10,30,249,249,7.6,2,"ヤチダモ",79.6,90.3,98.7,NA,"ツル込みへ変更",NA,20051115,20101016,20151013,0,0,0,0,0,0,0,0,0
20,30,250,250,0.5,6.1,"ヤチダモ",92.4,98.5,104.3,NA,NA,NA,20051115,20101016,20151013,0,0,0,0,0,0,0,0,0
20,30,251,251,0.6,6.8,"シナノキ",44.9,NA,NA,"先折れ","立枯れ",NA,20051115,20101016,20151013,0,1,2,0,0,0,0,0,0
20,30,252,252,6.4,4.3,"ハルニレ",63.3,75.3,75.6,NA,NA,NA,20051115,20101016,20151013,0,0,0,0,0,0,0,0,0
20,30,253,252,6.4,4.3,"ハルニレ",58.5,59.3,59.8,"252と同株",NA,NA,20051115,20101016,20151013,0,0,0,0,0,0,0,0,0
20,30,254,254,9,4.6,"シナノキ",31.9,31.9,31.9,NA,NA,NA,20051115,20101016,20151013,0,0,0,0,0,0,0,0,0
20,30,255,255,9.1,4,"シナノキ",32.7,NA,NA,NA,"立枯れ",NA,20051115,20101016,20151013,0,1,2,0,0,0,0,0,0
20,30,256,256,9.6,9.6,"ミズナラ",164.4,173.2,187.2,NA,NA,NA,20051115,20101016,20151013,0,0,0,0,0,0,0,0,0
30,30,257,257,2.5,4.5,"トドマツ",19,23.6,29,NA,NA,NA,20051115,20101016,20151013,0,0,0,0,0,0,0,0,0
30,30,258,258,2.8,7.5,"トドマツ",22.3,22.5,26.1,NA,NA,NA,20051115,20101016,20151013,0,0,0,0,0,0,0,0,0
30,30,259,259,3.4,2.6,"シナノキ",65.2,65.6,65.6,NA,NA,NA,20051115,20101016,20151013,0,0,0,0,0,0,0,0,0
30,30,260,260,3.9,8.2,"ハルニレ",78.6,82.5,86.7,NA,NA,NA,20051115,20101016,20151013,0,0,0,0,0,0,0,0,0
30,30,261,261,5.9,6.4,"シナノキ",114.2,119,121.4,NA,NA,NA,20051115,20101016,20151013,0,0,0,0,0,0,0,0,0
30,30,262,262,6.7,8.4,"シナノキ",39.2,NA,NA,NA,"立枯れ",NA,20051115,20101016,20151013,0,1,2,0,0,0,0,0,0
30,30,263,263,8.6,7.2,"シナノキ",35.9,39.4,42.2,NA,NA,NA,20051115,20101016,20151013,0,0,0,0,0,0,0,0,0
40,30,264,264,0.2,6.7,"トドマツ",30.9,36.2,41.4,NA,NA,NA,20051115,20101016,20151013,0,0,0,0,0,0,0,0,0
40,30,265,265,1.5,2.6,"トドマツ",37.6,NA,NA,NA,"根返り",NA,20051115,20101016,20151013,0,1,2,0,0,0,0,0,0
40,30,266,266,5.1,2.3,"トドマツ",35.1,38.8,44.4,NA,NA,NA,20051115,20101016,20151013,0,0,0,0,0,0,0,0,0
40,30,267,267,5.2,8,"シナノキ",55.5,59.4,60.3,NA,NA,NA,20051115,20101016,20151013,0,0,0,0,0,0,0,0,0
40,30,268,268,5.5,6.9,"トドマツ",36.4,40.6,46.7,NA,NA,NA,20051115,20101016,20151013,0,0,0,0,0,0,0,0,0
40,30,269,269,5.9,1.9,"ハルニレ",71.1,72,72,NA,NA,NA,20051115,20101016,20151013,0,0,0,0,0,0,0,0,0
40,30,270,270,7.2,8.7,"ヤチダモ",63.4,66,69,NA,NA,NA,20051115,20101016,20151013,0,0,0,0,0,0,0,0,0
40,30,271,270,7.2,8.7,"ヤチダモ",85.4,89.9,95.8,"270と同株，ツル込み",NA,NA,20051115,20101016,20151013,0,0,0,0,0,0,0,0,0
50,30,272,272,0.9,4,"シナノキ",42.1,NA,NA,"先折れ","立枯れ",NA,20051115,20101016,20151013,0,1,2,0,0,0,0,0,0
50,30,273,273,1.2,6.3,"シナノキ",23.2,23.7,NA,NA,NA,"枯れたのち倒れた",20051115,20101016,20151013,0,0,1,0,0,0,0,0,0
50,30,274,274,1.8,1,"アオダモ",18.6,20.3,20.6,NA,NA,NA,20051115,20101016,20151013,0,0,0,0,0,0,0,0,0
50,30,275,274,1.8,1,"アオダモ",17.1,18.3,19,"274と同株",NA,NA,20051115,20101016,20151013,0,0,0,0,0,0,0,0,0
50,30,276,276,3.1,2.2,"ミズナラ",96.2,98,101.3,"ツル込み",NA,NA,20051115,20101016,20151013,0,0,0,0,0,0,0,0,0
50,30,277,277,3.1,4,"ヤチダモ",97.5,101.1,104.9,NA,NA,NA,20051115,20101016,20151013,0,0,0,0,0,0,0,0,0
50,30,278,278,3.5,8.9,"シナノキ",132.1,139.5,142,NA,NA,NA,20051115,20101016,20151013,0,0,0,0,0,0,0,0,0
50,30,279,279,5.6,0.4,"ベニイタヤ",20.1,NA,NA,"倒木に巻き込まれ傾斜","根元折れ",NA,20051115,20101016,20151013,0,1,2,0,0,0,0,0,0
50,30,280,280,8.7,5.4,"ミズナラ",48,51,52.3,"ツル込み",NA,NA,20051115,20101016,20151013,0,0,0,0,0,0,0,0,0
50,30,281,281,8.8,7.8,"シナノキ",37.5,NA,NA,NA,"幹折れ",NA,20051115,20101016,20151013,0,1,2,0,0,0,0,0,0
50,30,282,282,8.9,1.1,"ハルニレ",54.4,NA,NA,NA,"立枯れ",NA,20051115,20101016,20151013,0,1,2,0,0,0,0,0,0
50,30,283,283,9.7,0.4,"モイワボダイジュ",50.7,NA,NA,"ツル込み","幹折れ",NA,20051115,20101016,20151013,0,1,2,0,0,0,0,0,0
60,30,284,284,3.3,7.7,"シナノキ",64.7,66,66.3,NA,NA,NA,20051115,20101016,20151013,0,0,0,0,0,0,0,0,0
60,30,285,285,6.7,3.3,"ハクウンボク",74,76.8,79.1,NA,"ツル込み（以前から）",NA,20051115,20101016,20151013,0,0,0,0,0,0,0,0,0
70,30,286,286,1.4,9.7,"ホオノキ",76.5,NA,NA,"倒木に巻き込まれ傾斜","根元折れ",NA,20051115,20101016,20151013,0,1,2,0,0,0,0,0,0
70,30,287,287,1.5,3.1,"オヒョウ",38.6,41,41.6,NA,NA,NA,20051115,20101016,20151013,0,0,0,0,0,0,0,0,0
70,30,288,288,3.2,2.2,"キタコブシ",15.7,16.5,16.5,NA,NA,"傾いている",20051115,20101016,20151013,0,0,0,0,0,0,0,0,0
70,30,289,289,5.3,7.9,"イタヤカエデ",17,NA,NA,"倒木に巻き込まれ傾斜","枯れ",NA,20051115,20101016,20151013,0,1,2,0,0,0,0,0,0
70,30,290,290,5.7,9.3,"ホオノキ",76.9,87.9,94,NA,NA,NA,20051115,20101016,20151013,0,0,0,0,0,0,0,0,0
70,30,291,291,7.4,6.7,"トドマツ",25.5,NA,NA,"倒木に巻き込まれ傾斜","根返り",NA,20051119,20101016,20151013,0,1,2,0,0,0,0,0,0
70,30,292,292,8.1,5.4,"シウリザクラ",56.5,NA,NA,"半分根返り","倒木巻き込まれ",NA,20051119,20101018,20151013,0,1,2,0,0,0,0,0,0
70,30,293,293,8,1.6,"イタヤカエデ",24.2,NA,NA,"倒木に巻き込まれ傾斜","根返り",NA,20051119,20101018,20151013,0,1,2,0,0,0,0,0,0
70,30,294,294,8.6,10,"アズキナシ",18.2,NA,NA,"倒木に巻き込まれ傾斜","枯れ",NA,20051119,20101018,20151013,0,1,2,0,0,0,0,0,0
0,40,295,295,1.6,3.2,"ヤチダモ",77.3,NA,NA,"半分根返り","枯れ",NA,20051119,20101018,20151013,0,1,2,0,0,0,0,0,0
0,40,296,296,1.9,4,"シナノキ",92,98,101.8,"半分根返り",NA,NA,20051119,20101018,20151013,0,0,0,0,0,0,0,0,0
0,40,297,297,2.9,6.8,"ヤチダモ",76.9,79.5,81.1,"倒木に巻き込まれやや傾斜",NA,NA,20051119,20101018,20151013,0,0,0,0,0,0,0,0,0
0,40,298,298,5.1,5.8,"シナノキ",41.7,NA,NA,"倒木に巻き込まれ傾斜","幹折れ",NA,20051119,20101018,20151013,0,1,2,0,0,0,0,0,0
0,40,299,299,6.3,0.3,"アズキナシ",20.7,22,22.5,NA,NA,NA,20051119,20101018,20151013,0,0,0,0,0,0,0,0,0
0,40,300,300,7,6.2,"シナノキ",48,52.3,56.4,NA,NA,NA,20051119,20101018,20151013,0,0,0,0,0,0,0,0,0
0,40,301,301,9.2,7.5,"ヤチダモ",79.9,84,86.4,NA,NA,NA,20051119,20101018,20151013,0,0,0,0,0,0,0,0,0
0,40,302,302,9.8,0.4,"トドマツ",55.4,NA,NA,"半分根返り","枯れ",NA,20051119,20101018,20151013,0,1,2,0,0,0,0,0,0
10,40,303,303,0.4,6.2,"トドマツ",35.3,39.3,44.5,NA,NA,NA,20051119,20101018,20151013,0,0,0,0,0,0,0,0,0
10,40,304,304,0.6,9.3,"イタヤカエデ",49.6,55.7,58.2,NA,NA,NA,20051119,20101018,20151013,0,0,0,0,0,0,0,0,0
10,40,305,305,1.4,3.3,"ハルニレ",116.3,124.5,135.5,NA,NA,NA,20051119,20101018,20151013,0,0,0,0,0,0,0,0,0
10,40,306,305,1.4,3.3,"ハルニレ",52,53,53.5,"305と同株",NA,NA,20051119,20101018,20151013,0,0,0,0,0,0,0,0,0
10,40,307,307,2.8,6.3,"シナノキ",49.3,50,50.5,NA,NA,NA,20051119,20101018,20151013,0,0,0,0,0,0,0,0,0
10,40,308,307,3.2,6.2,"シナノキ",50,50.7,51.1,"307と同株",NA,NA,20051119,20101018,20151013,0,0,0,0,0,0,0,0,0
10,40,309,309,4.7,7.8,"シウリザクラ",50.2,50.4,NA,NA,NA,"根返り",20051119,20101018,20151013,0,0,1,0,0,0,0,0,0
10,40,310,310,5,6.3,"シナノキ",33.8,33.8,33.8,NA,NA,NA,20051119,20101018,20151013,0,0,0,0,0,0,0,0,0
10,40,311,311,5.7,7.4,"トドマツ",19.9,22,23,NA,NA,NA,20051119,20101018,20151013,0,0,0,0,0,0,0,0,0
10,40,312,312,6.1,0.5,"シナノキ",39.5,39.5,39.8,"先折れ",NA,NA,20051119,20101018,20151013,0,0,0,0,0,0,0,0,0
10,40,313,313,6.8,4.7,"ヤチダモ",90.7,94.8,97.4,NA,NA,NA,20051119,20101018,20151013,0,0,0,0,0,0,0,0,0
10,40,314,314,7.7,7.8,"シナノキ",31.7,34,34,"先折れ",NA,NA,20051119,20101018,20151013,0,0,0,0,0,0,0,0,0
10,40,315,315,9.1,7.7,"シナノキ",128.9,136.4,142.4,NA,NA,NA,20051119,20101018,20151013,0,0,0,0,0,0,0,0,0
10,40,316,316,9.2,9.9,"シナノキ",41.6,42.5,42.8,NA,NA,NA,20051119,20101018,20151013,0,0,0,0,0,0,0,0,0
20,40,317,317,1.6,6.3,"ハルニレ",95.5,96.5,97.7,NA,"立ち枯れ","生残していた",20051119,20101018,20151013,0,0,0,0,0,0,0,0,0
20,40,318,318,6.3,0.2,"イタヤカエデ",47.6,53.2,51.9,NA,NA,"2010年からツル込み",20051119,20101018,20151013,0,0,0,0,0,0,0,0,0
20,40,319,318,6.3,0.2,"イタヤカエデ",56.2,59,59.5,"318と同株",NA,NA,20051119,20101018,20151013,0,0,0,0,0,0,0,0,0
20,40,320,320,8.3,8.5,"イタヤカエデ",89.7,89.7,89.7,"先折れ",NA,NA,20051119,20101018,20151013,0,0,0,0,0,0,0,0,0
30,40,321,321,0.3,4.4,"ハルニレ",100.7,104.5,106.4,"倒木に巻き込まれ傾斜",NA,NA,20051119,20101018,20151013,0,0,0,0,0,0,0,0,0
30,40,322,322,2.7,0.2,"シナノキ",36.8,36.8,36.8,NA,"ツルがからんでいる",NA,20051119,20101018,20151013,0,0,0,0,0,0,0,0,0
30,40,323,323,2.8,1.2,"シナノキ",45.3,50.4,51.9,NA,NA,NA,20051119,20101018,20151013,0,0,0,0,0,0,0,0,0
30,40,324,324,5,7.8,"シナノキ",39.4,44.1,46.1,NA,"上3分の1ほどが大きく傾斜（曲がっている）",NA,20051119,20101018,20151013,0,0,0,0,0,0,0,0,0
30,40,326,326,7.3,1.9,"シナノキ",125.7,127,128.5,"半分根返り",NA,NA,20051119,20101018,20151013,0,0,0,0,0,0,0,0,0
40,40,327,327,0.2,8.6,"ハルニレ",120.5,121,123.3,NA,NA,NA,20051119,20101018,20151013,0,0,0,0,0,0,0,0,0
40,40,328,328,2.3,9.3,"シナノキ",35.6,NA,NA,"先折れ","立枯れ",NA,20051119,20101018,20151013,0,1,2,0,0,0,0,0,0
40,40,329,329,5,0.4,"シナノキ",59,63,66.8,NA,NA,NA,20051119,20101018,20151013,0,0,0,0,0,0,0,0,0
40,40,330,330,7.5,6.3,"シナノキ",44.7,47.8,48.5,"先折れ",NA,NA,20051119,20101018,20151013,0,0,0,0,0,0,0,0,0
40,40,331,331,7.5,8.7,"ヤチダモ",109.7,114.5,120,NA,NA,NA,20051119,20101018,20151013,0,0,0,0,0,0,0,0,0
40,40,332,332,7.7,7.6,"ヤチダモ",72.8,NA,NA,"先折れ","立枯れ",NA,20051119,20101018,20151013,0,1,2,0,0,0,0,0,0
50,40,333,333,0.5,4.5,"トドマツ",42,47.5,53.7,NA,NA,NA,20051119,20101018,20151013,0,0,0,0,0,0,0,0,0
50,40,334,334,2.8,4.5,"トドマツ",27.9,29.5,31.1,NA,NA,NA,20051119,20101018,20151013,0,0,0,0,0,0,0,0,0
50,40,335,335,2.8,9.8,"シナノキ",71.9,74.8,78,NA,NA,NA,20051119,20101018,20151013,0,0,0,0,0,0,0,0,0
50,40,336,336,3.4,9.3,"シナノキ",129.4,131.2,132,NA,NA,NA,20051119,20101018,20151013,0,0,0,0,0,0,0,0,0
50,40,337,337,3.9,2.6,"トドマツ",26.1,30.1,36.5,NA,NA,NA,20051119,20101018,20151013,0,0,0,0,0,0,0,0,0
50,40,338,338,9.1,5.6,"ハルニレ",101.6,101.6,102.4,NA,NA,NA,20051119,20101018,20151013,0,0,0,0,0,0,0,0,0
60,40,340,340,0.3,7.2,"トドマツ",29.7,33.5,38.7,NA,NA,NA,20051119,20101018,20151013,0,0,0,0,0,0,0,0,0
60,40,342,342,1.7,5.9,"ヤチダモ",85.1,87.5,89.5,NA,NA,NA,20051119,20101018,20151013,0,0,0,0,0,0,0,0,0
60,40,343,343,3.8,4.8,"シナノキ",147,149.5,149.7,NA,NA,NA,20051119,20101018,20151013,0,0,0,0,0,0,0,0,0
60,40,344,344,3.9,4.8,"トドマツ",22.1,27.5,32.7,NA,NA,NA,20051119,20101018,20151013,0,0,0,0,0,0,0,0,0
60,40,345,345,4.2,0.7,"モイワボダイジュ",126.8,131,138.5,NA,NA,NA,20051119,20101018,20151013,0,0,0,0,0,0,0,0,0
60,40,346,346,6.2,1.5,"イタヤカエデ",102.1,102.9,104.5,"先折れ",NA,NA,20051119,20101018,20151013,0,0,0,0,0,0,0,0,0
70,40,348,348,0.1,6.4,"トドマツ",16.5,21.2,25.5,NA,NA,NA,20051119,20101018,20151013,0,0,0,0,0,0,0,0,0
70,40,349,349,1.3,6.6,"シナノキ",104.6,111,118.3,NA,NA,NA,20051119,20101018,20151013,0,0,0,0,0,0,0,0,0
70,40,350,350,1.7,8.4,"ミズナラ",107.5,111.2,114.3,NA,NA,"前回記録違い（11.2→111.2）",20051119,20101018,20151013,0,0,0,0,0,0,0,0,0
70,40,351,351,2.1,8.7,"シナノキ",41.3,NA,NA,"先折れ","立枯れ",NA,20051119,20101018,20151013,0,1,2,0,0,0,0,0,0
70,40,352,352,3.9,5,"ハルニレ",74.2,76.8,79.2,NA,NA,NA,20051119,20101018,20151013,0,0,0,0,0,0,0,0,0
70,40,353,352,3.9,5,"ハルニレ",65.7,66,66.3,"352と同株",NA,NA,20051119,20101018,20151013,0,0,0,0,0,0,0,0,0
70,40,354,352,3.9,5,"ハルニレ",53.5,55.5,57.5,"352と同株",NA,NA,20051119,20101018,20151013,0,0,0,0,0,0,0,0,0
70,40,355,352,3.9,5,"ハルニレ",67.3,68,68.8,"352と同株",NA,NA,20051119,20101018,20151013,0,0,0,0,0,0,0,0,0
70,40,356,356,4.6,0.4,"トドマツ",24.5,25.2,28.1,NA,"高さ4mで幹折れ（生残）",NA,20051119,20101018,20151013,0,0,0,0,0,0,0,0,0
70,40,357,357,4.8,2,"アズキナシ",35.5,NA,NA,NA,"幹折れ",NA,20051119,20101018,20151013,0,1,2,0,0,0,0,0,0
70,40,358,358,5.7,1,"トドマツ",16.9,NA,NA,NA,"根返り",NA,20051119,20101018,20151013,0,1,2,0,0,0,0,0,0
70,40,359,359,6.4,5.6,"イタヤカエデ",37.9,38.1,38.1,NA,NA,NA,20051119,20101018,20151013,0,0,0,0,0,0,0,0,0
70,40,360,360,7.9,3.7,"ホオノキ",76.8,82.7,85.4,NA,"ツル込み（以前から）",NA,20051119,20101018,20151013,0,0,0,0,0,0,0,0,0
70,40,361,361,8.5,7.7,"ミズナラ",70.2,74.5,77.3,"先折れ",NA,NA,20051119,20101018,20151013,0,0,0,0,0,0,0,0,0
0,50,362,362,0.9,5.3,"トドマツ",20.1,24.1,27.3,NA,NA,NA,20051119,20101018,20151013,0,0,0,0,0,0,0,0,0
0,50,363,363,1,6.4,"シナノキ",106.8,106.9,107.2,NA,NA,NA,20051119,20101018,20151013,0,0,0,0,0,0,0,0,0
0,50,364,364,2.3,4.9,"トドマツ",25,28.5,31.2,NA,NA,NA,20051119,20101018,20151013,0,0,0,0,0,0,0,0,0
0,50,365,365,4.5,2.7,"イタヤカエデ",28.2,30,30.4,NA,NA,NA,20051119,20101018,20151013,0,0,0,0,0,0,0,0,0
0,50,366,366,4.8,3.8,"ハリギリ",104.9,108.8,111,NA,NA,NA,20051119,20101018,20151013,0,0,0,0,0,0,0,0,0
0,50,367,367,5.1,3.5,"シナノキ",83.3,87.1,91.2,NA,NA,NA,20051119,20101018,20151013,0,0,0,0,0,0,0,0,0
0,50,368,368,9.5,7.7,"シナノキ",86.7,89.6,91,NA,NA,NA,20051119,20101018,20151013,0,0,0,0,0,0,0,0,0
10,50,369,368,0,7.9,"シナノキ",146.5,150.5,154.6,"368と同株",NA,NA,20051119,20101018,20151013,0,0,0,0,0,0,0,0,0
10,50,370,370,3.2,4.1,"ハルニレ",70,72,72.5,NA,NA,NA,20051119,20101018,20151013,0,0,0,0,0,0,0,0,0
10,50,371,371,5.3,7,"シナノキ",46.6,46.6,46.6,NA,NA,NA,20051119,20101018,20151013,0,0,0,0,0,0,0,0,0
10,50,372,372,5.6,5.2,"ヤチダモ",104.7,107.5,109.4,NA,NA,NA,20051119,20101018,20151013,0,0,0,0,0,0,0,0,0
20,50,373,373,0.2,0.7,"シナノキ",65,67.1,68.4,NA,NA,NA,20051119,20101018,20151013,0,0,0,0,0,0,0,0,0
20,50,374,374,0.5,0.3,"シナノキ",128.9,130.5,135.5,NA,NA,NA,20051119,20101018,20151013,0,0,0,0,0,0,0,0,0
20,50,375,375,1.8,5.2,"ハルニレ",99.2,102,101.3,NA,NA,NA,20051119,20101018,20151013,0,0,0,0,0,0,0,0,0
20,50,376,376,1.8,7.6,"シナノキ",54.4,NA,60.1,NA,NA,"2010年計測もれ",20051119,20101018,20151013,0,0,0,0,0,0,0,1,0
20,50,377,377,2.7,8.1,"トドマツ",17,NA,NA,NA,"不明（枯れ）",NA,20051119,20101018,20151013,0,1,2,0,0,0,0,0,0
20,50,378,378,4.1,2.7,"モイワボダイジュ",55.6,56,56,"先折れ",NA,NA,20051119,20101018,20151013,0,0,0,0,0,0,0,0,0
20,50,379,379,5.9,2.2,"ハルニレ",118.4,120.6,121.4,NA,NA,NA,20051119,20101018,20151013,0,0,0,0,0,0,0,0,0
20,50,380,379,5.9,2.5,"ハルニレ",121.9,124.9,127,"379と同株",NA,NA,20051119,20101018,20151013,0,0,0,0,0,0,0,0,0
30,50,381,381,1.1,0.8,"シナノキ",65.7,74.5,80.3,NA,NA,NA,20051119,20101018,20151013,0,0,0,0,0,0,0,0,0
30,50,382,382,4.1,6.6,"ウダイカンバ",92.3,NA,NA,NA,"立枯れ",NA,20051119,20101018,20151013,0,1,2,0,0,0,0,0,0
30,50,383,383,4.6,3.7,"シナノキ",34.2,NA,NA,NA,"根返り",NA,20051119,20101018,20151013,0,1,2,0,0,0,0,0,0
30,50,384,384,5.1,3.7,"トドマツ",21.4,25.8,30.5,"先折れ",NA,NA,20051119,20101018,20151013,0,0,0,0,0,0,0,0,0
30,50,385,385,5.3,6.3,"トドマツ",19.3,24.3,29.3,NA,NA,NA,20051119,20101018,20151013,0,0,0,0,0,0,0,0,0
30,50,386,386,6,5.5,"トドマツ",21.6,27,33.1,NA,NA,NA,20051119,20101018,20151013,0,0,0,0,0,0,0,0,0
30,50,387,387,6.3,9.6,"ヤチダモ",80.7,84.6,88.5,NA,NA,NA,20051119,20101018,20151013,0,0,0,0,0,0,0,0,0
40,50,389,389,0,2.1,"トドマツ",30.9,38.1,41,NA,NA,NA,20051119,20101018,20151013,0,0,0,0,0,0,0,0,0
40,50,390,390,0.3,4.1,"カツラ",75.3,78.2,82.9,NA,NA,NA,20051119,20101018,20151013,0,0,0,0,0,0,0,0,0
40,50,391,391,0.9,7.5,"カツラ",100,103.5,108.5,NA,NA,NA,20051119,20101018,20151013,0,0,0,0,0,0,0,0,0
40,50,392,392,1.2,8.1,"シナノキ",114.1,119,121.8,NA,NA,NA,20051119,20101018,20151013,0,0,0,0,0,0,0,0,0
40,50,393,393,1.9,3.2,"シナノキ",40.7,42.7,43.4,NA,NA,NA,20051119,20101018,20151013,0,0,0,0,0,0,0,0,0
40,50,394,394,2.8,1.5,"トドマツ",31,36.5,36.8,"ツル込み","ツル込みではなかった",NA,20051119,20101018,20151013,0,0,0,0,0,0,0,0,0
40,50,395,395,2.8,3.2,"シナノキ",129.2,135.4,139.4,NA,NA,NA,20051119,20101018,20151013,0,0,0,0,0,0,0,0,0
40,50,396,396,4.1,5.5,"ヤチダモ",56.3,NA,NA,NA,"立枯れ",NA,20051119,20101018,20151013,0,1,2,0,0,0,0,0,0
40,50,397,397,4.5,3.9,"シナノキ",23.5,23.4,23.4,NA,NA,NA,20051119,20101018,20151013,0,0,0,0,0,0,0,0,0
40,50,398,398,6.6,2.9,"シナノキ",51.2,54.1,55.7,NA,"ツル込み（以前から）",NA,20051119,20101018,20151013,0,0,0,0,0,0,0,0,0
40,50,399,399,6.6,8.8,"ハリギリ",101.9,107.2,110.8,NA,NA,NA,20051119,20101018,20151013,0,0,0,0,0,0,0,0,0
40,50,400,400,7.1,7.6,"シナノキ",38.1,38.1,38.1,NA,"高さ9mで幹折れ（生残）",NA,20051119,20101018,20151013,0,0,0,0,0,0,0,0,0
40,50,401,401,7.2,6.6,"シナノキ",40.8,44.6,NA,NA,NA,"立枯れ",20051119,20101018,20151013,0,0,1,0,0,0,0,0,0
40,50,402,402,8.9,1.6,"ハルニレ",118,123.3,125.8,NA,NA,NA,20051119,20101018,20151013,0,0,0,0,0,0,0,0,0
40,50,403,403,7.4,4.6,"ハルニレ",79.7,NA,NA,NA,"立枯れ",NA,20051119,20101018,20151013,0,1,2,0,0,0,0,0,0
50,50,404,404,0.8,1.4,"トドマツ",26.8,30.1,33.7,NA,NA,NA,20051119,20101018,20151013,0,0,0,0,0,0,0,0,0
50,50,405,405,3.8,1.4,"トドマツ",30.4,34.7,38.8,NA,NA,NA,20051119,20101018,20151013,0,0,0,0,0,0,0,0,0
50,50,406,406,4.9,9.6,"シナノキ",40.7,41,40.9,NA,NA,NA,20051119,20101018,20151013,0,0,0,0,0,0,0,0,0
50,50,407,407,5.1,9,"ヤチダモ",91.1,94.2,98.5,NA,NA,NA,20051119,20101018,20151013,0,0,0,0,0,0,0,0,0
50,50,408,408,7.4,2.6,"トドマツ",31.7,NA,NA,NA,"根返り",NA,20051119,20101018,20151013,0,1,2,0,0,0,0,0,0
50,50,409,409,8.9,8.5,"イタヤカエデ",85,86.5,87.7,NA,NA,NA,20051119,20101018,20151013,0,0,0,0,0,0,0,0,0
60,50,410,410,0.3,1.5,"シナノキ",98.3,100.8,101.2,NA,NA,NA,20051119,20101018,20151013,0,0,0,0,0,0,0,0,0
60,50,411,411,0.5,6.3,"シナノキ",135.7,138.1,140,NA,NA,NA,20051119,20101018,20151013,0,0,0,0,0,0,0,0,0
60,50,412,412,1.1,1.9,"トドマツ",20.1,24.4,29.3,NA,NA,NA,20051119,20101018,20151013,0,0,0,0,0,0,0,0,0
60,50,413,413,2.2,8.5,"トドマツ",23.9,32.2,36,NA,NA,NA,20051119,20101018,20151013,0,0,0,0,0,0,0,0,0
60,50,414,414,4.7,3.3,"カツラ",53.5,54.9,56,NA,NA,NA,20051119,20101018,20151013,0,0,0,0,0,0,0,0,0
60,50,415,415,5.6,1.6,"シナノキ",85.1,88,89.4,NA,NA,NA,20051119,20101018,20151013,0,0,0,0,0,0,0,0,0
60,50,416,416,6.4,9.3,"トドマツ",24.6,26.7,27.7,NA,NA,NA,20051119,20101018,20151013,0,0,0,0,0,0,0,0,0
60,50,417,417,6.8,4.7,"トドマツ",18.7,21.2,22.6,NA,NA,NA,20051119,20101018,20151013,0,0,0,0,0,0,0,0,0
60,50,418,418,7.1,6.2,"トドマツ",61.8,65.4,69.4,NA,NA,NA,20051119,20101018,20151013,0,0,0,0,0,0,0,0,0
60,50,419,419,8.3,8.1,"カツラ",135.5,139.2,147.7,NA,NA,NA,20051119,20101018,20151013,0,0,0,0,0,0,0,0,0
60,50,420,420,9.5,0.8,"トドマツ",15.1,16.8,19,NA,NA,NA,20051119,20101018,20151013,0,0,0,-1,1,0,0,0,0
60,50,421,421,9.7,2.9,"トドマツ",31.1,34.1,40.1,NA,NA,NA,20051119,20101018,20151013,0,0,0,0,0,0,0,0,0
60,50,422,422,9.7,7.1,"トドマツ",29.8,34,38.9,NA,NA,NA,20051119,20101018,20151013,0,0,0,0,0,0,0,0,0
70,50,423,423,1.5,6.1,"トドマツ",26.1,25.5,NA,NA,NA,"立枯れ",20051119,20101018,20151013,0,0,1,0,0,0,0,0,0
70,50,424,424,2.7,7.7,"トドマツ",18.7,21.2,23.7,NA,NA,NA,20051119,20101018,20151013,0,0,0,0,0,0,0,0,0
70,50,425,425,3,2.9,"ハルニレ",101.3,106,113,NA,NA,NA,20051120,20101018,20151013,0,0,0,0,0,0,0,0,0
70,50,426,426,3.8,1.7,"シナノキ",117.6,119.4,120.7,NA,NA,NA,20051120,20101018,20151013,0,0,0,0,0,0,0,0,0
70,50,427,427,5.2,4.5,"ホオノキ",45.5,45.7,46,NA,NA,NA,20051120,20101018,20151013,0,0,0,0,0,0,0,0,0
70,50,428,428,5.3,9.4,"オヒョウ",67.8,68,71.1,NA,NA,NA,20051120,20101018,20151013,0,0,0,0,0,0,0,0,0
70,50,430,430,6.3,6.7,"トドマツ",35.6,37.7,40.2,NA,NA,NA,20051120,20101018,20151013,0,0,0,0,0,0,0,0,0
70,50,431,431,8.1,3.7,"ツリバナ",NA,15,NA,"",NA,NA,NA,20101022,20151015,0,0,1,-1,-1,-1,0,0,0
70,50,431,431,8.1,3.7,"ツリバナ",NA,15,NA,"","05年にプレートを貼ったが，15cm未満であった個体（オリジナルシートにも記載）","枯れ（不明）",NA,20101022,20151015,0,0,1,-1,-1,-1,0,0,0
70,50,432,432,8.1,5.4,"イタヤカエデ",97.1,122.5,106.3,NA,"ツル込みへ変更",NA,20051120,20101018,20151013,0,0,0,0,0,0,0,0,0
70,50,433,433,8.3,8.8,"トドマツ",15.5,17.8,21.4,NA,NA,NA,20051120,20101018,20151013,0,0,0,-1,1,0,0,0,0
0,60,435,435,5,4.6,"ハルニレ",198.1,199.6,201.5,NA,NA,NA,20051120,20101018,20151013,0,0,0,0,0,0,0,0,0
0,60,436,436,5.2,6.9,"シナノキ",107,109.5,111.3,NA,NA,NA,20051120,20101018,20151013,0,0,0,0,0,0,0,0,0
0,60,437,437,6.7,8.5,"イタヤカエデ",84,87.9,88.5,NA,NA,NA,20051120,20101018,20151013,0,0,0,0,0,0,0,0,0
0,60,438,438,6.7,9.6,"シナノキ",107.5,109.1,110.3,NA,NA,NA,20051120,20101018,20151013,0,0,0,0,0,0,0,0,0
0,60,439,439,7.4,3.2,"シナノキ",63.5,64.3,64.4,NA,NA,NA,20051120,20101018,20151013,0,0,0,0,0,0,0,0,0
0,60,440,440,8.2,3.1,"イタヤカエデ",NA,16.2,17.5,"",NA,NA,NA,20101022,20151015,0,0,0,-1,1,0,0,0,0
0,60,440,440,8.2,3.1,"イタヤカエデ",NA,16.2,17.5,"","05年にプレートを貼ったが，15cm未満であった個体（オリジナルシートにも記載）",NA,NA,20101022,20151015,0,0,0,-1,1,0,0,0,0
10,60,441,441,1.4,6.9,"シナノキ",172.4,176.1,180.7,NA,NA,NA,20051120,20101018,20151013,0,0,0,0,0,0,0,0,0
10,60,442,442,4.8,8.7,"イタヤカエデ",25.6,28.5,30.6,NA,NA,NA,20051120,20101018,20151013,0,0,0,0,0,0,0,0,0
10,60,443,443,7.8,1.2,"トドマツ",19.7,21.6,22.8,NA,NA,NA,20051120,20101018,20151013,0,0,0,0,0,0,0,0,0
10,60,444,444,7.9,8.5,"モイワボダイジュ",49.4,51.2,51.5,"先折れ",NA,NA,20051120,20101018,20151013,0,0,0,0,0,0,0,0,0
10,60,445,445,9.2,2.6,"カツラ",45.8,46.6,50,NA,NA,NA,20051120,20101018,20151013,0,0,0,0,0,0,0,0,0
20,60,446,446,0.2,2.4,"カツラ",115.2,121,127.9,NA,NA,NA,20051120,20101018,20151013,0,0,0,0,0,0,0,0,0
20,60,447,447,1.5,6.3,"イタヤカエデ",60.5,64.3,69.7,"先折れ",NA,NA,20051120,20101018,20151013,0,0,0,0,0,0,0,0,0
20,60,448,448,2.5,0.6,"シナノキ",111.4,118.1,123.4,NA,NA,NA,20051120,20101018,20151013,0,0,0,0,0,0,0,0,0
20,60,449,449,6,5.3,"トドマツ",20.3,NA,NA,NA,"倒木巻き込まれ",NA,20051120,20101018,20151013,0,1,2,0,0,0,0,0,0
20,60,450,450,9.8,9.6,"キタコブシ",53.5,56.1,61.1,NA,NA,NA,20051120,20101018,20151013,0,0,0,0,0,0,0,0,0
30,60,451,451,0.4,4.1,"シナノキ",56.6,57.5,58.2,NA,NA,NA,20051120,20101018,20151013,0,0,0,0,0,0,0,0,0
30,60,452,451,0.5,3.8,"シナノキ",100,107.4,114.8,"451と同株",NA,NA,20051120,20101018,20151013,0,0,0,0,0,0,0,0,0
30,60,453,451,1.2,4.2,"シナノキ",73,75.5,75,"451と同株，先折れ",NA,NA,20051120,20101018,20151013,0,0,0,0,0,0,0,0,0
30,60,454,454,0.6,7.7,"シナノキ",93.4,98,100.6,NA,NA,NA,20051120,20101018,20151013,0,0,0,0,0,0,0,0,0
30,60,455,455,2,7.3,"イタヤカエデ",23.1,24.2,25.2,NA,NA,NA,20051120,20101018,20151013,0,0,0,0,0,0,0,0,0
30,60,456,456,3,2,"トドマツ",32.8,39.6,46.5,NA,NA,NA,20051120,20101018,20151013,0,0,0,0,0,0,0,0,0
30,60,457,457,4.8,4.7,"シナノキ",66.6,72.6,76,NA,NA,NA,20051120,20101018,20151013,0,0,0,0,0,0,0,0,0
30,60,458,457,5.2,5.7,"シナノキ",137.4,142,146.9,"457と同株",NA,NA,20051120,20101018,20151013,0,0,0,0,0,0,0,0,0
30,60,459,459,5.4,8.2,"トドマツ",17.6,18.2,NA,NA,"傾斜（枯れかけている）","枯れ（倒れ）",20051120,20101018,20151013,0,0,1,0,0,0,0,0,0
30,60,460,460,5.4,9,"コシアブラ",19.9,22.6,25.2,NA,NA,NA,20051120,20101018,20151013,0,0,0,0,0,0,0,0,0
30,60,461,461,6.1,8.9,"シナノキ",53,53.7,53.3,NA,NA,NA,20051120,20101018,20151013,0,0,0,0,0,0,0,0,0
30,60,463,463,9.3,4.4,"トドマツ",32.8,37,42.2,NA,NA,NA,20051120,20101018,20151013,0,0,0,0,0,0,0,0,0
40,60,464,464,0.3,5.8,"シナノキ",58.8,61.9,63.5,NA,NA,NA,20051120,20101018,20151013,0,0,0,0,0,0,0,0,0
40,60,466,466,5.4,8.4,"シナノキ",45.8,NA,NA,NA,"立枯れ",NA,20051120,20101018,20151013,0,1,2,0,0,0,0,0,0
40,60,467,467,5.6,4.5,"ヤチダモ",84.4,86.3,87.9,"ツル込み",NA,NA,20051120,20101018,20151013,0,0,0,0,0,0,0,0,0
40,60,468,468,5.8,1.7,"ミズナラ",19.7,23.4,25.6,NA,NA,NA,20051120,20101018,20151013,0,0,0,0,0,0,0,0,0
40,60,469,469,6.5,7.3,"ハルニレ",120.8,125.6,128.2,NA,NA,NA,20051120,20101018,20151013,0,0,0,0,0,0,0,0,0
50,60,470,470,0,3.3,"トドマツ",27,32.8,36.5,NA,NA,NA,20051120,20101018,20151013,0,0,0,0,0,0,0,0,0
50,60,472,472,2.5,2.5,"シナノキ",128.4,133,136.7,NA,NA,NA,20051120,20101018,20151013,0,0,0,0,0,0,0,0,0
50,60,473,473,2.6,7.6,"ハルニレ",95.1,98.3,103.4,NA,NA,"ツル込みへ変更",20051120,20101018,20151013,0,0,0,0,0,0,0,0,0
50,60,474,474,2.8,1.6,"トドマツ",36.3,39.5,43.4,NA,NA,NA,20051120,20101018,20151013,0,0,0,0,0,0,0,0,0
50,60,475,475,4.3,6.6,"ナナカマド",15.8,18,19.5,NA,NA,NA,20051120,20101018,20151013,0,0,0,0,0,0,0,0,0
50,60,476,476,5.8,3.5,"ナナカマド",16.2,NA,NA,"先折れ","不明（枯れ）",NA,20051120,20101018,20151013,0,1,2,0,0,0,0,0,0
50,60,477,477,6.3,9.3,"カツラ",74.2,74.7,75.1,"倒木に巻き込まれ傾斜",NA,"ツル込み（最初から）",20051120,20101018,20151013,0,0,0,0,0,0,0,0,0
50,60,478,478,8.6,2.9,"カツラ",136.9,139.3,143.5,NA,NA,NA,20051120,20101018,20151013,0,0,0,0,0,0,0,0,0
50,60,479,478,8.8,1.6,"カツラ",43.8,46.3,46.3,"478と同株",NA,NA,20051120,20101018,20151013,0,0,0,0,0,0,0,0,0
50,60,480,478,8.8,1.6,"カツラ",37,43,44.5,"478と同株",NA,NA,20051120,20101018,20151013,0,0,0,0,0,0,0,0,0
60,60,481,481,3.9,4.4,"ナナカマド",32.6,35,37,NA,NA,NA,20051120,20101018,20151013,0,0,0,0,0,0,0,0,0
60,60,482,482,3.9,4.4,"トドマツ",19.2,21.7,25.2,NA,NA,NA,20051120,20101018,20151013,0,0,0,0,0,0,0,0,0
60,60,483,483,3.5,9.7,"トドマツ",21.3,27.3,30.6,NA,NA,NA,20051120,20101018,20151013,0,0,0,0,0,0,0,0,0
60,60,484,484,5.9,6.5,"トドマツ",23.5,29.5,NA,NA,NA,"枯れ（倒れ）",20051120,20101018,20151013,0,0,1,0,0,0,0,0,0
60,60,485,485,6,8.6,"トドマツ",17.2,NA,NA,NA,"立枯れ",NA,20051120,20101018,20151013,0,0,1,0,0,0,0,0,0
60,60,486,486,6.8,2.6,"ホオノキ",57.9,61.7,62.8,NA,NA,NA,20051120,20101018,20151013,0,0,0,0,0,0,0,0,0
60,60,487,487,7.2,5.4,"ウダイカンバ",113.8,115.8,117.6,NA,NA,NA,20051120,20101018,20151013,0,0,0,0,0,0,0,0,0
60,60,488,488,7.4,2.3,"トドマツ",45,48.1,51.8,NA,NA,NA,20051120,20101018,20151013,0,0,0,0,0,0,0,0,0
60,60,489,489,7.8,6.1,"シナノキ",93,95.1,97.4,NA,NA,NA,20051120,20101018,20151013,0,0,0,0,0,0,0,0,0
60,60,490,490,8.8,3.8,"トドマツ",23.5,27.7,30.9,NA,NA,NA,20051120,20101018,20151013,0,0,0,0,0,0,0,0,0
60,60,491,491,8.9,3.1,"トドマツ",19.2,19.6,NA,NA,NA,"立枯れ",20051120,20101018,20151013,0,0,1,0,0,0,0,0,0
70,60,492,492,0.9,4.1,"ホオノキ",23.5,26,26.1,NA,NA,NA,20051120,20101018,20151013,0,0,0,0,0,0,0,0,0
70,60,493,493,1.2,9.8,"ウダイカンバ",83.1,87,87,NA,"ツル込み（以前から）",NA,20051120,20101018,20151013,0,0,0,0,0,0,0,0,0
70,60,494,494,3.3,3.1,"シウリザクラ",16.7,19.2,21,NA,NA,NA,20051120,20101018,20151013,0,0,0,0,0,0,0,0,0
70,60,495,495,5.3,4,"ハクウンボク",44.3,44.7,45.4,NA,NA,NA,20051120,20101018,20151013,0,0,0,0,0,0,0,0,0
70,60,496,496,5.8,4.6,"キタコブシ",58.3,62.5,67.3,NA,NA,"ツル込み（最初から）",20051120,20101018,20151013,0,0,0,0,0,0,0,0,0
70,60,497,497,6.7,9.1,"ヤチダモ",97.5,100.3,104,NA,NA,NA,20051120,20101018,20151013,0,0,0,0,0,0,0,0,0
70,60,498,498,7.6,9.1,"ヤチダモ",99.5,103,107.1,NA,NA,NA,20051120,20101018,20151013,0,0,0,0,0,0,0,0,0
0,70,499,499,0.7,4.5,"トドマツ",17.4,17.7,18.5,NA,NA,NA,20051120,20101018,20151013,0,0,0,0,0,0,0,0,0
0,70,500,500,0.7,5.9,"シナノキ",61.6,61.5,61,NA,"先折れ",NA,20051120,20101018,20151013,0,0,0,0,0,0,0,0,0
0,70,501,500,0.9,5.6,"シナノキ",63.6,64.5,63.6,"500と同株",NA,NA,20051120,20101018,20151013,0,0,0,0,0,0,0,0,0
0,70,502,502,2.1,6.1,"カツラ",62.6,63.3,64,NA,NA,NA,20051120,20101018,20151013,0,0,0,0,0,0,0,0,0
0,70,503,503,3.8,2.5,"シナノキ",74.4,74.1,73.3,NA,"先折れ",NA,20051120,20101018,20151013,0,0,0,0,0,0,0,0,0
0,70,504,504,4.3,8.3,"トドマツ",15.9,16.1,16,NA,NA,NA,20051120,20101018,20151013,0,0,0,0,0,0,0,0,0
0,70,505,505,5.3,4.1,"イタヤカエデ",61.8,63.7,64.5,NA,NA,NA,20051120,20101018,20151013,0,0,0,0,0,0,0,0,0
0,70,506,506,5.8,7.7,"ハルニレ",59.5,60.3,60.6,"先枯れ",NA,NA,20051120,20101018,20151013,0,0,0,0,0,0,0,0,0
0,70,507,507,7.9,8,"ヤチダモ",82,84.8,86.7,NA,NA,NA,20051120,20101018,20151013,0,0,0,0,0,0,0,0,0
10,70,508,508,0.4,1.2,"ヤチダモ",97.5,101.1,106.5,NA,NA,NA,20051120,20101018,20151013,0,0,0,0,0,0,0,0,0
10,70,509,509,1.1,2.4,"シナノキ",68.2,72.4,75.1,NA,NA,NA,20051120,20101018,20151013,0,0,0,0,0,0,0,0,0
10,70,510,510,1.6,1.5,"ヤマモミジ",19.5,21.4,24,NA,NA,NA,20051120,20101018,20151013,0,0,0,0,0,0,0,0,0
10,70,511,511,3.1,0.5,"キタコブシ",45.7,47.8,49.2,NA,NA,NA,20051120,20101018,20151013,0,0,0,0,0,0,0,0,0
10,70,512,512,3.8,1.5,"イタヤカエデ",27.7,28.9,29.7,"先折れ",NA,NA,20051120,20101018,20151013,0,0,0,0,0,0,0,0,0
10,70,513,513,5.4,6.6,"カツラ",86.1,99,111.7,NA,NA,NA,20051120,20101018,20151013,0,0,0,0,0,0,0,0,0
20,70,516,516,5.8,4.7,"イタヤカエデ",76.5,80.3,NA,NA,NA,"根返り",20051120,20101018,20151013,0,0,1,0,0,0,0,0,0
20,70,517,516,5.5,4.8,"イタヤカエデ",26.7,NA,NA,"516と同株","立枯れ",NA,20051120,20101018,20151013,0,0,1,0,0,0,0,0,0
20,70,518,518,5.6,0.8,"ハルニレ",216.2,221.5,NA,"倒木に巻き込まれ傾斜",NA,"枯れ",20051120,20101018,20151013,0,0,1,0,0,0,0,0,0
20,70,519,519,6.5,0.9,"サワシバ",39.2,42.4,44,NA,NA,NA,20051120,20101018,20151013,0,0,0,0,0,0,0,0,0
30,70,520,520,0.2,9.5,"シナノキ",37.7,37.7,NA,"先枯れ",NA,"立枯れ",20051120,20101018,20151013,0,0,1,0,0,0,0,0,0
30,70,521,521,1.7,5.1,"ノリウツギ",24,17.8,NA,NA,NA,"立枯れ",20051120,20101018,20151013,0,0,1,0,0,0,0,0,0
30,70,522,522,3.9,1.7,"イタヤカエデ",86.7,89.8,93,NA,NA,NA,20051120,20101018,20151013,0,0,0,0,0,0,0,0,0
30,70,523,523,6.1,4.7,"イタヤカエデ",93.7,99.3,102.7,NA,"ツル込み（以前から）",NA,20051120,20101018,20151013,0,0,0,0,0,0,0,0,0
30,70,524,524,6.8,9.6,"ホオノキ",27,29.3,30.2,NA,NA,NA,20051120,20101018,20151013,0,0,0,0,0,0,0,0,0
30,70,525,525,8.3,3.3,"ハリギリ",88.5,92.5,90,"先折れ",NA,NA,20051120,20101018,20151013,0,0,0,0,0,0,0,0,0
40,70,526,526,0.3,9.3,"トドマツ",20.5,NA,NA,"倒木に巻き込まれ傾斜","枯れ",NA,20051120,20101018,20151013,0,1,2,0,0,0,0,0,0
40,70,527,527,1.2,7.3,"ハルニレ",168.1,172.4,185.3,NA,NA,NA,20051120,20101018,20151013,0,0,0,0,0,0,0,0,0
40,70,528,528,3.1,0.6,"アズキナシ",41.1,42.1,43.7,"先折れ",NA,NA,20051120,20101018,20151013,0,0,0,0,0,0,0,0,0
40,70,529,529,4.1,9.5,"カツラ",156.3,159,163.7,NA,NA,NA,20051120,20101018,20151013,0,0,0,0,0,0,0,0,0
40,70,530,530,5.1,5.1,"シウリザクラ",27.5,27.5,NA,NA,NA,"立枯れ",20051120,20101018,20151013,0,0,1,0,0,0,0,0,0
40,70,531,531,6,0.7,"トドマツ",19.7,23,25,NA,NA,NA,20051120,20101018,20151013,0,0,0,0,0,0,0,0,0
40,70,532,532,7.1,1.8,"トドマツ",16.8,19.1,20.1,NA,NA,NA,20051120,20101018,20151013,0,0,0,0,0,0,0,0,0
40,70,533,533,7.2,3.1,"ヤチダモ",115.7,120,123.9,NA,NA,NA,20051120,20101018,20151013,0,0,0,0,0,0,0,0,0
40,70,534,534,7,2.2,"アオダモ",20.2,20.3,NA,NA,NA,"立枯れ",20051120,20101018,20151013,0,0,1,0,0,0,0,0,0
40,70,535,535,6.9,5,"トドマツ",37.8,43.6,50.6,NA,NA,NA,20051120,20101018,20151013,0,0,0,0,0,0,0,0,0
50,70,537,537,1.2,1.4,"ハルニレ",105.3,105.3,103.4,NA,NA,NA,20051120,20101018,20151013,0,0,0,0,0,0,0,0,0
50,70,538,538,1.6,7.8,"カツラ",123.8,124.7,126,NA,NA,NA,20051120,20101018,20151013,0,0,0,0,0,0,0,0,0
50,70,539,539,2.4,4.1,"キタコブシ",54.4,55,NA,NA,NA,"枯れ（倒れ）",20051120,20101018,20151013,0,0,1,0,0,0,0,0,0
50,70,540,540,3.2,3.4,"ヤチダモ",115.2,123,130.9,NA,NA,NA,20051120,20101018,20151013,0,0,0,0,0,0,0,0,0
50,70,541,541,4.9,7.2,"シナノキ",119.3,127.5,132.7,NA,NA,NA,20051120,20101018,20151013,0,0,0,0,0,0,0,0,0
50,70,542,542,5.4,5.4,"ツリバナ",37.5,37.5,37.6,NA,NA,NA,20051120,20101020,20151013,0,0,0,0,0,0,0,0,0
50,70,543,543,9.2,0.5,"ベニイタヤ",21.6,25.9,27,NA,NA,NA,20051120,20101020,20151013,0,0,0,0,0,0,0,0,0
60,70,544,544,2.4,2,"モイワボダイジュ",44.2,44.2,44.7,NA,NA,NA,20051120,20101020,20151013,0,0,0,0,0,0,0,0,0
60,70,545,544,2.4,2,"モイワボダイジュ",93.9,94,95.5,"544と同株",NA,NA,20051120,20101020,20151013,0,0,0,0,0,0,0,0,0
60,70,546,546,2.4,2,"モイワボダイジュ",108.7,NA,NA,"倒木に巻き込まれ傾斜","高さ3mから幹折れ",NA,20051120,20101020,20151013,0,1,2,0,0,0,0,0,0
60,70,548,548,5.1,2,"ミズナラ",31.7,35.7,38.8,NA,NA,NA,20051120,20101020,20151013,0,0,0,0,0,0,0,0,0
60,70,549,549,9,6.3,"トドマツ",41.3,NA,NA,NA,"根返り",NA,20051120,20101020,20151013,0,1,2,0,0,0,0,0,0
70,70,550,550,2.7,2,"オヒョウ",136,140.7,141.7,NA,NA,NA,20051120,20101020,20151013,0,0,0,0,0,0,0,0,0
0,80,551,551,0.4,4.1,"ベニイタヤ",16.8,17.5,NA,NA,NA,"枯れ（倒れ）",20051120,20101020,20151015,0,0,1,0,0,0,0,0,0
0,80,552,552,0.2,5.1,"トドマツ",24.5,27.6,25.3,NA,NA,NA,20051120,20101020,20151015,0,0,0,0,0,0,0,0,0
0,80,553,553,0.6,6.1,"ミズナラ",115.4,120,122.6,NA,NA,NA,20051120,20101020,20151015,0,0,0,0,0,0,0,0,0
0,80,554,554,1.6,4.4,"トドマツ",21.1,22.9,23.4,NA,NA,NA,20051120,20101020,20151015,0,0,0,0,0,0,0,0,0
0,80,555,555,5.4,3.8,"カツラ",48,49.3,50.5,NA,NA,NA,20051120,20101020,20151015,0,0,0,0,0,0,0,0,0
0,80,556,555,5.5,4.2,"カツラ",21.8,21.5,NA,"555と同株",NA,"立枯れ",20051120,20101020,20151015,0,0,1,0,0,0,0,0,0
0,80,557,555,5.7,4.3,"カツラ",67.8,68.5,68.5,"555と同株",NA,NA,20051120,20101020,20151015,0,0,0,0,0,0,0,0,0
0,80,558,558,5.3,5.7,"ヤチダモ",104.2,107.2,109.6,NA,NA,NA,20051120,20101020,20151015,0,0,0,0,0,0,0,0,0
0,80,559,559,4.6,9.9,"ナナカマド",24.3,24.3,NA,NA,NA,"枯れ（行方不明）",20051120,20101020,20151015,0,0,1,0,0,0,0,0,0
0,80,560,560,4.8,9.3,"シナノキ",54.3,55.6,56.2,NA,NA,NA,20051120,20101020,20151015,0,0,0,0,0,0,0,0,0
0,80,561,561,6.5,1.5,"ヤチダモ",112.3,117.2,123.1,NA,NA,NA,20051120,20101020,20151015,0,0,0,0,0,0,0,0,0
0,80,562,562,7.6,8.8,"シナノキ",63.1,64.8,65.7,NA,NA,NA,20051120,20101020,20151015,0,0,0,0,0,0,0,0,0
0,80,563,563,7.7,9.5,"イタヤカエデ",58.9,59.9,62,NA,NA,NA,20051120,20101020,20151015,0,0,0,0,0,0,0,0,0
0,80,564,564,7.8,6.2,"ミズナラ",18.6,18.8,NA,NA,NA,"立枯れ",20051120,20101020,20151015,0,0,1,0,0,0,0,0,0
0,80,565,565,9.7,3.3,"ハルニレ",118.4,120.6,124.2,NA,NA,NA,20051120,20101020,20151015,0,0,0,0,0,0,0,0,0
10,80,566,566,0.6,0.8,"イタヤカエデ",57.7,59,58.3,NA,NA,NA,20051120,20101020,20151015,0,0,0,0,0,0,0,0,0
10,80,567,567,1.4,4.1,"ヤマモミジ",29.1,29.1,29.2,"先折れ",NA,NA,20051120,20101020,20151015,0,0,0,0,0,0,0,0,0
10,80,568,568,2.2,3.8,"シナノキ",74.2,76,77.8,NA,NA,NA,20051120,20101020,20151015,0,0,0,0,0,0,0,0,0
10,80,569,569,3,0.3,"ヤマモミジ",68.6,69.2,70.6,NA,NA,NA,20051120,20101020,20151015,0,0,0,0,0,0,0,0,0
10,80,570,570,3.5,5.9,"ヤチダモ",133,139.5,146.4,NA,"ツル込み（以前から）",NA,20051120,20101020,20151015,0,0,0,0,0,0,0,0,0
10,80,571,571,4.2,7.5,"ツリバナ",15.4,15.4,15.6,NA,NA,NA,20051120,20101020,20151015,0,0,0,-1,-1,-1,0,0,0
10,80,572,572,4.5,9.6,"シナノキ",31.2,31.8,32.1,NA,NA,NA,20051120,20101020,20151015,0,0,0,0,0,0,0,0,0
10,80,573,573,4.6,3.6,"シナノキ",67.4,67.2,68.2,NA,NA,NA,20051120,20101020,20151015,0,0,0,0,0,0,0,0,0
10,80,574,574,4.9,3.8,"シナノキ",20.5,NA,NA,NA,"立枯れ",NA,20051120,20101020,20151015,0,1,2,0,0,0,0,0,0
10,80,575,575,6.4,0.8,"シナノキ",46.7,49,53.5,NA,NA,NA,20051120,20101020,20151015,0,0,0,0,0,0,0,0,0
10,80,576,576,8.4,8,"ハルニレ",123.9,127.5,130,NA,NA,NA,20051120,20101020,20151015,0,0,0,0,0,0,0,0,0
10,80,577,577,9.8,1.9,"イタヤカエデ",40.2,40.2,41.3,NA,NA,NA,20051120,20101020,20151015,0,0,0,0,0,0,0,0,0
20,80,578,578,2.3,9,"イタヤカエデ",61,61,62,NA,NA,NA,20051120,20101020,20151015,0,0,0,0,0,0,0,0,0
20,80,579,579,0,8,"イタヤカエデ",35.1,36.8,39.5,NA,NA,NA,20051120,20101020,20151015,0,0,0,0,0,0,0,0,0
20,80,580,580,3.8,4.5,"ハルニレ",81.8,NA,NA,NA,"立枯れ",NA,20051120,20101020,20151015,0,1,2,0,0,0,0,0,0
20,80,581,581,4.1,2.1,"シナノキ",44.6,44.8,49,NA,NA,NA,20051120,20101020,20151015,0,0,0,0,0,0,0,0,0
20,80,582,582,4.5,3.6,"キタコブシ",89.7,89.7,NA,NA,NA,"枯れ（幹折れ）",20051120,20101020,20151015,0,0,1,0,0,0,0,0,0
20,80,583,583,5.5,7.9,"ハルニレ",91.8,93.1,94.1,NA,NA,NA,20051120,20101020,20151015,0,0,0,0,0,0,0,0,0
20,80,584,584,5.9,7,"イタヤカエデ",51.4,51.8,53.8,NA,NA,NA,20051120,20101020,20151015,0,0,0,0,0,0,0,0,0
20,80,586,586,8,6.8,"ヤチダモ",142.5,149.1,155.3,NA,NA,NA,20051120,20101020,20151015,0,0,0,0,0,0,0,0,0
20,80,587,587,9,1.2,"トドマツ",21.1,21.8,NA,NA,NA,"枯れ（倒れ）",20051120,20101020,20151015,0,0,1,0,0,0,0,0,0
20,80,588,588,9,7.1,"トドマツ",28,30.2,32,NA,NA,NA,20051120,20101020,20151015,0,0,0,0,0,0,0,0,0
20,80,589,589,9.8,3.7,"ハルニレ",136.9,142.7,148.4,NA,NA,NA,20051120,20101020,20151015,0,0,0,0,0,0,0,0,0
30,80,590,590,0.1,7.6,"ハルニレ",87.7,89.1,91.5,NA,NA,NA,20051120,20101020,20151015,0,0,0,0,0,0,0,0,0
30,80,591,591,0.8,2.9,"モイワボダイジュ",25.4,25.6,NA,NA,NA,"枯れ（倒れ）",20051120,20101020,20151015,0,0,1,0,0,0,0,0,0
30,80,592,592,1.5,4.3,"ツリバナ",29.8,30.6,31.4,NA,NA,NA,20051120,20101020,20151015,0,0,0,0,0,0,0,0,0
30,80,593,593,1.7,9,"ヤチダモ",109.6,115.4,120.5,NA,NA,NA,20051120,20101020,20151015,0,0,0,0,0,0,0,0,0
30,80,594,594,2.2,6.1,"キタコブシ",46.4,46.3,NA,NA,NA,"立枯れ",20051120,20101020,20151015,0,0,1,0,0,0,0,0,0
30,80,595,595,3,8.6,"シナノキ",19.9,NA,NA,NA,NA,NA,20051120,20101020,20151015,0,1,2,0,0,0,0,0,0
30,80,596,596,7.1,4.4,"ベニイタヤ",26.2,28.4,30.6,NA,NA,NA,20051120,20101020,20151015,0,0,0,0,0,0,0,0,0
30,80,597,597,8,0.4,"ヤチダモ",91.6,97,102,NA,NA,NA,20051120,20101020,20151015,0,0,0,0,0,0,0,0,0
30,80,598,598,8,9.1,"ホオノキ",17.5,17.6,18,NA,NA,NA,20051120,20101020,20151015,0,0,0,0,0,0,0,0,0
30,80,599,598,8.1,8.9,"ホオノキ",28.2,30.1,31,"598と同株",NA,NA,20051120,20101020,20151015,0,0,0,0,0,0,0,0,0
30,80,600,600,8.4,8.4,"ホオノキ",20.6,22.5,23.5,NA,NA,NA,20051120,20101020,20151015,0,0,0,0,0,0,0,0,0
40,80,601,601,1.1,6.2,"ミズナラ",116,121.8,127.1,NA,NA,NA,20051120,20101020,20151015,0,0,0,0,0,0,0,0,0
40,80,603,603,3.6,3.1,"シナノキ",107.2,111.3,113.9,NA,NA,NA,20051120,20101020,20151015,0,0,0,0,0,0,0,0,0
40,80,604,604,4.5,0.1,"トドマツ",27.9,29.4,31.9,NA,NA,NA,20051120,20101020,20151015,0,0,0,0,0,0,0,0,0
40,80,605,605,5.9,1.1,"トドマツ",24.5,28.5,35.1,NA,NA,NA,20051120,20101020,20151015,0,0,0,0,0,0,0,0,0
40,80,606,606,7.2,0.2,"シナノキ",123.3,130.9,137.7,NA,NA,NA,20051120,20101020,20151015,0,0,0,0,0,0,0,0,0
50,80,607,607,0.4,6.3,"ヤチダモ",79.9,83.1,84.8,NA,NA,NA,20051120,20101020,20151015,0,0,0,0,0,0,0,0,0
50,80,608,608,0.4,6.3,"イタヤカエデ",23.3,23.1,23.5,NA,"高さ4mから折れ",NA,20051120,20101020,20151015,0,0,0,0,0,0,0,0,0
50,80,609,609,0.4,9.1,"ハウチワカエデ",49.7,50.4,51.2,NA,NA,NA,20051120,20101020,20151015,0,0,0,0,0,0,0,0,0
50,80,610,609,0.4,9.3,"ハウチワカエデ",53,53.8,54.4,"609と同株",NA,NA,20051120,20101020,20151015,0,0,0,0,0,0,0,0,0
50,80,611,609,0.7,9.3,"ハウチワカエデ",31.9,32.5,32.5,"609と同株",NA,NA,20051120,20101020,20151015,0,0,0,0,0,0,0,0,0
50,80,612,612,0.8,3.2,"シナノキ",40.7,41,40.5,NA,NA,NA,20051120,20101020,20151015,0,0,0,0,0,0,0,0,0
50,80,613,609,1,9.8,"ハウチワカエデ",15.7,15.8,15.8,"609と同株",NA,NA,20051120,20101020,20151015,0,0,0,0,0,0,0,0,0
50,80,614,609,1.1,8.9,"ハウチワカエデ",26.5,27.8,28.1,"609と同株",NA,NA,20051120,20101020,20151015,0,0,0,0,0,0,0,0,0
50,80,615,609,1.3,9.8,"ハウチワカエデ",31.7,33.6,33.6,"609と同株",NA,NA,20051120,20101020,20151015,0,0,0,0,0,0,0,0,0
50,80,616,616,3.4,6.2,"シナノキ",60.9,65.3,69,NA,"ツル込み（新）",NA,20051120,20101020,20151015,0,0,0,0,0,0,0,0,0
50,80,617,617,5.6,6.5,"ベニイタヤ",23,26.8,30.2,NA,NA,NA,20051120,20101020,20151015,0,0,0,0,0,0,0,0,0
50,80,618,618,6.5,4.4,"ナナカマド",27.9,NA,NA,NA,"立枯れ",NA,20051120,20101020,20151015,0,1,2,0,0,0,0,0,0
60,80,619,619,0.8,2.6,"カツラ",40.2,40.3,39.7,"先枯れ","主幹は枯れ（下部の枝は生きている）",NA,20051120,20101020,20151015,0,0,0,0,0,0,0,0,0
60,80,620,620,1.2,7.7,"イタヤカエデ",30.6,33.5,35.5,NA,NA,NA,20051120,20101020,20151015,0,0,0,0,0,0,0,0,0
60,80,621,621,2.5,2.5,"トドマツ",18.7,20.2,21.6,NA,NA,NA,20051120,20101020,20151015,0,0,0,0,0,0,0,0,0
60,80,622,622,2.8,4.3,"カツラ",110.8,119.1,128.6,NA,NA,NA,20051120,20101020,20151015,0,0,0,0,0,0,0,0,0
60,80,623,623,3.7,5.1,"ナナカマド",21.8,NA,NA,NA,"根返り",NA,20051120,20101020,20151015,0,1,2,0,0,0,0,0,0
60,80,624,624,3.7,8.6,"トドマツ",35.1,40.2,44.8,NA,NA,NA,20051120,20101020,20151015,0,0,0,0,0,0,0,0,0
60,80,625,625,4,1.3,"トドマツ",25.2,32.5,38.8,NA,NA,NA,20051120,20101020,20151015,0,0,0,0,0,0,0,0,0
60,80,626,626,5.1,7.6,"シナノキ",136.6,142.5,147.6,NA,NA,NA,20051120,20101020,20151015,0,0,0,0,0,0,0,0,0
60,80,627,627,6.3,4.4,"シナノキ",61.8,65.5,67.1,NA,NA,NA,20051120,20101020,20151015,0,0,0,0,0,0,0,0,0
60,80,628,628,7,4,"トドマツ",19.5,24.9,32.1,NA,NA,NA,20051120,20101020,20151015,0,0,0,0,0,0,0,0,0
70,80,630,630,1.5,3.4,"ナナカマド",15.9,18.6,21,NA,NA,NA,20051120,20101020,20151015,0,0,0,0,0,0,0,0,0
70,80,631,631,1.7,0.9,"シナノキ",99.4,102.1,105.1,NA,NA,NA,20051122,20101020,20151015,0,0,0,0,0,0,0,0,0
70,80,632,632,1.8,9.3,"ハルニレ",201.9,206.4,207.9,NA,NA,NA,20051122,20101020,20151015,0,0,0,0,0,0,0,0,0
70,80,633,633,2.2,5,"イタヤカエデ",19.1,22.2,24.4,NA,NA,NA,20051122,20101020,20151015,0,0,0,0,0,0,0,0,0
70,80,634,634,3.4,5.5,"イタヤカエデ",41.8,45.3,48,NA,NA,NA,20051122,20101020,20151015,0,0,0,0,0,0,0,0,0
70,80,635,635,4.4,5.5,"シナノキ",127.4,133.1,145.2,"ツル込み",NA,NA,20051122,20101020,20151015,0,0,0,0,0,0,0,0,0
70,80,636,636,5.1,2.3,"エゾヤマザクラ",48.9,49.8,50.8,NA,NA,NA,20051122,20101020,20151015,0,0,0,0,0,0,0,0,0
70,80,637,637,5.8,4,"ヤチダモ",106.7,113,121,NA,NA,NA,20051122,20101020,20151015,0,0,0,0,0,0,0,0,0
70,80,638,638,7.4,1.4,"ヤマモミジ",26.6,32.5,37.1,NA,NA,NA,20051122,20101020,20151015,0,0,0,0,0,0,0,0,0
70,80,639,639,9.6,1.6,"ヤマモミジ",34.7,40.3,45,NA,NA,NA,20051122,20101020,20151015,0,0,0,0,0,0,0,0,0
60,80,640,640,8.2,4.1,"トドマツ",19.2,22.8,25.6,NA,NA,NA,20051120,20101020,20151015,0,0,0,0,0,0,0,0,0
0,90,641,641,0.4,8.2,"シウリザクラ",30.6,31,31.7,NA,NA,NA,20051122,20101020,20151015,0,0,0,0,0,0,0,0,0
0,90,642,642,0.9,6.8,"ハウチワカエデ",26,26.2,29.6,NA,NA,NA,20051122,20101020,20151015,0,0,0,0,0,0,0,0,0
0,90,643,643,1.2,2,"シナノキ",48,48.7,49.7,NA,NA,NA,20051122,20101020,20151015,0,0,0,0,0,0,0,0,0
0,90,644,644,2.3,6.2,"シナノキ",72.3,75,75.7,NA,NA,NA,20051122,20101020,20151015,0,0,0,0,0,0,0,0,0
0,90,645,645,2.6,3.7,"トドマツ",19,18.7,NA,NA,NA,"立枯れ",20051122,20101020,20151015,0,0,1,0,0,0,0,0,0
0,90,646,646,2.6,8.8,"ヤマモミジ",29.3,30.1,31.7,NA,NA,NA,20051122,20101020,20151015,0,0,0,0,0,0,0,0,0
0,90,647,647,2.8,2.2,"ヤチダモ",124.3,128.5,132.9,NA,NA,NA,20051122,20101020,20151015,0,0,0,0,0,0,0,0,0
0,90,648,648,2.3,0.3,"トドマツ",27.7,30.5,31.5,NA,"記入漏れ",NA,20051122,20101020,20151015,0,0,0,0,0,0,0,0,0
0,90,649,649,3.4,9.9,"シナノキ",36.9,37.2,36.6,NA,NA,NA,20051122,20101020,20151015,0,0,0,0,0,0,0,0,0
0,90,650,650,3.6,6.6,"トドマツ",47.6,49.7,53.9,NA,NA,NA,20051122,20101020,20151015,0,0,0,0,0,0,0,0,0
0,90,651,651,4.7,0.2,"トドマツ",37,NA,NA,NA,"幹折れ",NA,20051122,20101020,20151015,0,1,2,0,0,0,0,0,0
0,90,652,652,6.2,2,"ハルニレ",153.3,163,162.8,NA,NA,NA,20051122,20101020,20151015,0,0,0,0,0,0,0,0,0
0,90,653,653,6.4,8.1,"ハルニレ",125.7,130.2,135.8,NA,NA,NA,20051122,20101020,20151015,0,0,0,0,0,0,0,0,0
0,90,654,654,7.5,8.6,"イタヤカエデ",32.2,32.9,34.4,NA,NA,NA,20051122,20101020,20151015,0,0,0,0,0,0,0,0,0
0,90,655,655,8.2,4.9,"ハルニレ",104,106.4,110.7,NA,NA,NA,20051122,20101020,20151015,0,0,0,0,0,0,0,0,0
0,90,656,656,8.2,6.4,"トドマツ",27.3,29,30.6,NA,NA,NA,20051122,20101020,20151015,0,0,0,0,0,0,0,0,0
0,90,657,657,8.5,8.1,"シナノキ",67.4,69.4,70.5,NA,NA,NA,20051122,20101020,20151015,0,0,0,0,0,0,0,0,0
0,90,658,658,9.1,3.2,"トドマツ",17,NA,NA,NA,"立枯れ",NA,20051122,20101020,20151015,0,1,2,0,0,0,0,0,0
0,90,659,659,9.2,6.6,"イタヤカエデ",17.8,17.9,18,NA,NA,NA,20051122,20101020,20151015,0,0,0,0,0,0,0,0,0
0,90,660,660,9.5,6.8,"シナノキ",40.3,40.3,NA,NA,"立枯れ",NA,20051122,20101020,20151015,0,0,1,0,0,0,0,0,0
10,90,661,661,2,1,"トドマツ",39.2,41.7,NA,NA,"立枯れ",NA,20051122,20101020,20151015,0,0,1,0,0,0,0,0,0
10,90,662,662,2.5,5.8,"ハウチワカエデ",26.8,27.7,28.8,NA,NA,NA,20051122,20101020,20151015,0,0,0,0,0,0,0,0,0
10,90,663,663,3.3,3.3,"ハルニレ",28.6,29.3,30.1,NA,NA,NA,20051122,20101020,20151015,0,0,0,0,0,0,0,0,0
10,90,664,663,3.6,3.1,"ハルニレ",85.1,86.6,87.8,"663と同株",NA,NA,20051122,20101020,20151015,0,0,0,0,0,0,0,0,0
10,90,665,665,7.3,0.3,"ハルニレ",105.8,109.9,113.8,NA,NA,NA,20051122,20101020,20151015,0,0,0,0,0,0,0,0,0
10,90,667,667,8.4,1.1,"シナノキ",31.9,31.7,NA,NA,"大きく傾斜","枯れ（倒れ）",20051122,20101020,20151015,0,0,1,0,0,0,0,0,0
20,90,668,668,2.4,7.3,"ヤマグワ",35.1,35.4,NA,NA,NA,"立枯れ",20051122,20101020,20151015,0,0,1,0,0,0,0,0,0
20,90,669,669,4.6,3.1,"ハルニレ",99.5,105.2,110.8,NA,NA,NA,20051122,20101020,20151015,0,0,0,0,0,0,0,0,0
20,90,670,670,5.3,1.3,"ハルニレ",90.2,91.8,91.6,NA,NA,NA,20051122,20101020,20151015,0,0,0,0,0,0,0,0,0
20,90,671,671,6.8,4.6,"ヤチダモ",119.9,124.2,128.6,NA,NA,NA,20051122,20101020,20151015,0,0,0,0,0,0,0,0,0
20,90,673,673,9.4,7.2,"カツラ",102.1,110.6,119.4,NA,NA,NA,20051122,20101020,20151015,0,0,0,0,0,0,0,0,0
30,90,674,674,7.5,7.8,"シナノキ",131,139.4,147,"ツル込み",NA,NA,20051122,20101020,20151015,0,0,0,0,0,0,0,0,0
30,90,675,675,8.8,4,"ハルニレ",114.5,119.8,123.9,NA,NA,NA,20051122,20101020,20151015,0,0,0,0,0,0,0,0,0
30,90,676,676,9.8,4.7,"トドマツ",29,33.5,37.5,NA,NA,NA,20051122,20101020,20151015,0,0,0,0,0,0,0,0,0
40,90,677,677,0.6,2.1,"トドマツ",33.4,37.6,41.4,NA,NA,NA,20051122,20101020,20151015,0,0,0,0,0,0,0,0,0
40,90,678,678,1.2,6.7,"イタヤカエデ",64.8,65.2,66.1,NA,NA,NA,20051122,20101020,20151015,0,0,0,0,0,0,0,0,0
40,90,679,679,1.7,5.2,"ヤチダモ",51.3,52.3,53.6,NA,NA,NA,20051122,20101020,20151015,0,0,0,0,0,0,0,0,0
40,90,680,680,2.6,4.7,"キタコブシ",19.8,22.4,22.1,NA,NA,NA,20051122,20101020,20151015,0,0,0,0,0,0,0,0,0
40,90,681,681,1.4,7.5,"ヤチダモ",64.6,65.9,67.5,NA,NA,NA,20051122,20101020,20151015,0,0,0,0,0,0,0,0,0
40,90,682,682,7,1.5,"イタヤカエデ",45,47.8,51.1,NA,NA,NA,20051122,20101020,20151015,0,0,0,0,0,0,0,0,0
50,90,683,683,3.1,8.2,"ナナカマド",17.2,NA,NA,NA,"枯れ",NA,20051122,20101020,20151015,0,1,2,0,0,0,0,0,0
50,90,684,684,5.1,8.9,"ハリギリ",132.6,138.9,145.2,NA,NA,NA,20051122,20101020,20151015,0,0,0,0,0,0,0,0,0
50,90,685,685,5.8,5.2,"ヤマモミジ",79,81.6,84.6,NA,NA,NA,20051122,20101020,20151015,0,0,0,0,0,0,0,0,0
50,90,686,686,7.5,7.4,"ウダイカンバ",103.4,105.5,106,NA,NA,NA,20051122,20101020,20151015,0,0,0,0,0,0,0,0,0
50,90,687,687,8.2,9.1,"カツラ",135.4,135.4,138.6,NA,NA,NA,20051122,20101020,20151015,0,0,0,0,0,0,0,0,0
50,90,688,688,8.4,0.8,"ミズナラ",109.5,114,118,NA,NA,NA,20051122,20101020,20151015,0,0,0,0,0,0,0,0,0
60,90,689,689,0.1,1.1,"アズキナシ",41.6,41.6,42.3,NA,NA,NA,20051122,20101020,20151015,0,0,0,0,0,0,0,0,0
60,90,690,690,3.2,0.7,"ヤマグワ",21.5,NA,NA,NA,"倒木巻き込まれ",NA,20051122,20101020,20151015,0,1,2,0,0,0,0,0,0
60,90,691,691,9.9,8.6,"ウダイカンバ",43.4,45,48.3,NA,NA,NA,20051122,20101020,20151015,0,0,0,0,0,0,0,0,0
70,90,692,692,2,1.4,"ヤチダモ",100,NA,NA,NA,"立枯れ",NA,20051122,20101020,20151015,0,1,2,0,0,0,0,0,0
70,90,693,693,3,6.7,"イタヤカエデ",101,107.3,105.2,NA,NA,NA,20051122,20101020,20151015,0,0,0,0,0,0,0,0,0
70,90,694,694,8.6,1.5,"ヤチダモ",73.1,75.3,76.8,NA,NA,NA,20051122,20101020,20151015,0,0,0,0,0,0,0,0,0
70,90,695,695,9.4,9.3,"シウリザクラ",60.5,NA,NA,NA,"立枯れ",NA,20051122,20101020,20151015,0,1,2,0,0,0,0,0,0
0,100,696,696,0,4.4,"イタヤカエデ",45.2,48,49.8,NA,NA,NA,20051122,20101020,20151015,0,0,0,0,0,0,0,0,0
0,100,697,697,1.6,7.7,"シナノキ",42.2,43.9,43.4,NA,NA,NA,20051122,20101020,20151015,0,0,0,0,0,0,0,0,0
0,100,698,697,1.8,7.8,"シナノキ",58.1,63.8,66.5,"697と同株",NA,NA,20051122,20101020,20151015,0,0,0,0,0,0,0,0,0
0,100,699,699,7.7,5.5,"シナノキ",75.9,77,77.8,NA,NA,NA,20051122,20101020,20151015,0,0,0,0,0,0,0,0,0
0,100,700,699,8.2,5.3,"シナノキ",119.2,123.7,126,"699と同株","ツル込み（以前から）",NA,20051122,20101020,20151015,0,0,0,0,0,0,0,0,0
0,100,701,701,8.5,7.1,"トドマツ",50,50,52.6,NA,NA,NA,20051122,20101020,20151015,0,0,0,0,0,0,0,0,0
10,100,702,702,2.7,4.6,"ヤチダモ",75.1,79.8,83.6,NA,NA,NA,20051122,20101020,20151015,0,0,0,0,0,0,0,0,0
10,100,703,703,9.5,7,"イタヤカエデ",73.3,NA,NA,NA,"根返り",NA,20051122,20101020,20151015,0,1,2,0,0,0,0,0,0
10,100,704,704,4,2.6,"イタヤカエデ",93,97.6,101.3,NA,NA,NA,20051122,20101020,20151015,0,0,0,0,0,0,0,0,0
20,100,705,705,2.9,1.7,"シナノキ",51.9,51.6,NA,NA,NA,"立枯れ（幹折れ，4mから）",20051122,20101020,20151015,0,0,1,0,0,0,0,0,0
20,100,706,706,8.6,7.8,"モイワボダイジュ",74.6,83.4,88.8,"枯れ",NA,NA,20051122,20101020,20151015,0,0,0,0,0,0,0,0,0
30,100,708,708,8.1,5.9,"ヤチダモ",86.5,89.4,92.3,NA,NA,NA,20051122,20101020,20151015,0,0,0,0,0,0,0,0,0
30,100,709,709,8.9,4.2,"イヌエンジュ",44.6,46.7,48.8,NA,NA,NA,20051122,20101020,20151015,0,0,0,0,0,0,0,0,0
40,100,710,710,3.7,1.6,"ヤチダモ",126,132.2,134.7,NA,"ツル込み（以前から）",NA,20051122,20101020,20151015,0,0,0,0,0,0,0,0,0
40,100,711,711,5.7,8.2,"シナノキ",107.8,112.2,115.4,NA,NA,NA,20051122,20101020,20151015,0,0,0,0,0,0,0,0,0
40,100,712,712,8.6,6.5,"シナノキ",138.7,142.5,144.3,NA,NA,NA,20051122,20101020,20151015,0,0,0,0,0,0,0,0,0
40,100,713,713,9.8,1.7,"キタコブシ",27.4,27.6,NA,"先枯れ",NA,"立枯れ",20051122,20101020,20151015,0,0,1,0,0,0,0,0,0
50,100,714,714,0.2,4.1,"ヤチダモ",95.2,99.8,102.9,NA,NA,NA,20051122,20101020,20151015,0,0,0,0,0,0,0,0,0
50,100,715,715,2.6,7.7,"キタコブシ",30.6,33.2,32.9,NA,NA,NA,20051122,20101020,20151015,0,0,0,0,0,0,0,0,0
50,100,716,716,3.9,4.8,"ミズナラ",30.5,32.8,33.5,NA,NA,NA,20051122,20101020,20151015,0,0,0,0,0,0,0,0,0
50,100,717,717,9.1,7.2,"イタヤカエデ",59.6,61.8,62.2,NA,NA,"ツル込み（最初から）",20051122,20101020,20151015,0,0,0,0,0,0,0,0,0
50,100,718,718,9.3,2.5,"ミズナラ",27,28.3,28.8,NA,NA,NA,20051122,20101020,20151015,0,0,0,0,0,0,0,0,0
50,100,719,719,9.4,6.2,"ミズナラ",63.5,66.7,68.5,NA,NA,NA,20051122,20101020,20151015,0,0,0,0,0,0,0,0,0
60,100,720,720,0.1,7,"ハルニレ",110.8,112,115.4,NA,NA,NA,20051122,20101020,20151015,0,0,0,0,0,0,0,0,0
60,100,721,721,1.9,3.9,"イタヤカエデ",27.8,30.3,31.4,NA,NA,NA,20051122,20101020,20151015,0,0,0,0,0,0,0,0,0
60,100,722,721,1.9,4.2,"イタヤカエデ",20.3,21,21.3,"721と同株",NA,NA,20051122,20101022,20151015,0,0,0,0,0,0,0,0,0
60,100,723,723,1.9,7.3,"ヤチダモ",107.3,112.4,116.3,NA,NA,NA,20051122,20101022,20151015,0,0,0,0,0,0,0,0,0
60,100,724,724,2.3,1.5,"ヤチダモ",112.4,116.2,121,NA,NA,NA,20051122,20101022,20151015,0,0,0,0,0,0,0,0,0
60,100,725,725,5.2,4,"ハルニレ",84.4,86.7,89.5,NA,NA,NA,20051122,20101022,20151015,0,0,0,0,0,0,0,0,0
60,100,726,726,5.3,6.8,"カツラ",136.4,139.5,142.2,NA,NA,NA,20051122,20101022,20151015,0,0,0,0,0,0,0,0,0
60,100,727,727,9.5,6,"イタヤカエデ",28.2,28.1,28.3,"先枯れ",NA,NA,20051122,20101022,20151015,0,0,0,0,0,0,0,0,0
70,100,728,728,2.9,4.9,"シウリザクラ",58,58.2,58.5,NA,NA,NA,20051122,20101022,20151015,0,0,0,0,0,0,0,0,0
70,100,729,729,4.1,4.3,"シナノキ",83.6,89,93.6,NA,NA,NA,20051122,20101022,20151015,0,0,0,0,0,0,0,0,0
70,100,730,730,8.2,2.5,"シナノキ",80.6,81.3,80.8,"",NA,NA,20051122,20101022,20151015,0,0,0,0,0,0,0,0,0
70,100,731,731,9.2,4,"シナノキ",139.1,141.9,140.6,"",NA,NA,20051122,20101022,20151015,0,0,0,0,0,0,0,0,0
0,110,732,732,0.6,5.1,"シナノキ",94.5,NA,NA,NA,"倒木巻き込まれ",NA,20051122,20101022,20151015,0,1,2,0,0,0,0,0,0
0,110,733,733,2.3,0.9,"シナノキ",34.3,34.3,NA,NA,NA,"立枯れ",20051122,20101022,20151015,0,0,1,0,0,0,0,0,0
0,110,734,734,4.7,0.5,"シナノキ",139.7,143,145.8,"半分根返り",NA,NA,20051122,20101022,20151015,0,0,0,0,0,0,0,0,0
0,110,736,736,6.2,2.7,"ミズナラ",83.3,85.8,85.1,NA,NA,NA,20051122,20101022,20151015,0,0,0,0,0,0,0,0,0
10,110,737,737,0.5,1.8,"ヤチダモ",149.7,158.7,167,NA,NA,NA,20051122,20101022,20151015,0,0,0,0,0,0,0,0,0
10,110,738,738,1.4,0.4,"イタヤカエデ",68.9,71.1,72.9,NA,NA,NA,20051122,20101022,20151015,0,0,0,0,0,0,0,0,0
10,110,739,739,2.9,6.9,"カツラ",92.3,95.1,98.3,NA,NA,NA,20051122,20101022,20151015,0,0,0,0,0,0,0,0,0
10,110,740,740,3.5,3,"ヤマモミジ",20.1,22.2,23.6,NA,NA,NA,20051122,20101022,20151015,0,0,0,0,0,0,0,0,0
10,110,741,741,4.4,6.6,"ミズナラ",98.4,102.6,106.7,NA,NA,NA,20051122,20101022,20151015,0,0,0,0,0,0,0,0,0
10,110,742,742,6.2,5.8,"ベニイタヤ",22.8,NA,NA,NA,"立枯れ",NA,20051122,20101022,20151015,0,1,2,0,0,0,0,0,0
10,110,743,742,6.2,5.8,"ベニイタヤ",18.3,18.3,NA,"742と同株",NA,"立枯れ",20051122,20101022,20151015,0,0,1,0,0,0,0,0,0
10,110,744,744,6.8,8.7,"トドマツ",19.4,21.2,NA,NA,NA,"立枯れ",20051122,20101022,20151015,0,0,1,0,0,0,0,0,0
10,110,745,745,6.9,2.4,"ハルニレ",123.2,128.3,129.3,NA,NA,NA,20051122,20101022,20151015,0,0,0,0,0,0,0,0,0
10,110,747,747,9.6,1.6,"ベニイタヤ",26.5,26.9,NA,"倒木巻き込まれ傾斜","","立枯れ",20051122,20101022,20151015,0,0,1,0,0,0,0,0,0
20,110,748,748,0.6,1.2,"ハルニレ",110,115.8,122.4,NA,NA,NA,20051122,20101022,20151015,0,0,0,0,0,0,0,0,0
20,110,749,749,2.2,8.9,"トドマツ",17,20.1,23,NA,NA,NA,20051122,20101022,20151015,0,0,0,0,0,0,0,0,0
20,110,750,750,2.7,6.6,"イタヤカエデ",91.2,101.6,101.8,NA,NA,NA,20051122,20101022,20151015,0,0,0,0,0,0,0,0,0
0,110,751,751,6,8.1,"イタヤカエデ",16.4,16.8,18.2,NA,NA,NA,20051122,20101022,20151015,0,0,0,0,0,0,0,0,0
0,110,752,752,6.1,9.5,"ヤチダモ",94.2,99.7,103.8,NA,NA,NA,20051122,20101022,20151015,0,0,0,0,0,0,0,0,0
20,110,753,753,3.1,0.2,"ミズナラ",33.7,34,34.5,NA,NA,NA,20051122,20101020,20151015,0,0,0,0,0,0,0,0,0
20,110,754,754,3.1,7.6,"ベニイタヤ",20,20.7,21.8,NA,NA,NA,20051122,20101020,20151015,0,0,0,0,0,0,0,0,0
20,110,755,755,8.3,9.3,"イタヤカエデ",70.2,71.8,73.1,NA,NA,NA,20051122,20101020,20151015,0,0,0,0,0,0,0,0,0
20,110,756,756,9.2,5.5,"ミズナラ",27.9,28.9,29.5,NA,NA,NA,20051122,20101020,20151015,0,0,0,0,0,0,0,0,0
30,110,757,757,0.3,1,"ヤマモミジ",61,62.6,63.1,NA,NA,NA,20051122,20101020,20151015,0,0,0,0,0,0,0,0,0
30,110,758,758,1.3,9.8,"ヤチダモ",69.5,73.3,76.3,NA,NA,NA,20051122,20101020,20151015,0,0,0,0,0,0,0,0,0
30,110,759,759,3.1,7.1,"イタヤカエデ",93.8,90.3,96.8,"先折れ",NA,NA,20051122,20101020,20151015,0,0,0,0,0,0,0,0,0
30,110,760,760,3.9,6.6,"ミズナラ",17.7,NA,NA,"先折れ","立枯れ",NA,20051122,20101020,20151015,0,1,2,0,0,0,0,0,0
30,110,761,761,6.1,2.3,"カツラ",96.8,103.3,112.8,NA,NA,NA,20051122,20101020,20151015,0,0,0,0,0,0,0,0,0
30,110,762,761,6.1,2.3,"カツラ",82.4,90,95.8,"761と同株",NA,NA,20051122,20101020,20151015,0,0,0,0,0,0,0,0,0
30,110,763,763,6.6,3.4,"カツラ",141.8,143.5,145.1,NA,NA,NA,20051122,20101020,20151015,0,0,0,0,0,0,0,0,0
40,110,764,764,1.5,5.4,"キタコブシ",24.9,26.3,27.3,NA,NA,NA,20051122,20101020,20151015,0,0,0,0,0,0,0,0,0
40,110,765,765,3.4,4,"ヤマモミジ",35.7,39.4,42.6,NA,NA,NA,20051122,20101020,20151015,0,0,0,0,0,0,0,0,0
40,110,766,766,5.4,8.4,"ヤチダモ",114.3,117.4,121.6,NA,NA,NA,20051122,20101020,20151015,0,0,0,0,0,0,0,0,0
40,110,767,767,7.1,1.4,"ナナカマド",48.9,49.8,NA,NA,NA,"立枯れ",20051122,20101020,20151015,0,0,1,0,0,0,0,0,0
50,110,768,768,0,0.5,"ホオノキ",17.2,17.2,NA,NA,NA,"立枯れ",20051122,20101020,20151015,0,0,1,0,0,0,0,0,0
50,110,769,769,0.8,5.1,"シラカンバ",124.2,125.9,NA,"ツル込み",NA,"立枯れ",20051122,20101020,20151015,0,0,1,0,0,0,0,0,0
50,110,770,770,4.2,4.7,"ナナカマド",44.9,NA,NA,NA,"不明（枯れ）",NA,20051122,20101020,20151015,0,1,2,0,0,0,0,0,0
50,110,771,771,5.1,8.5,"ヤマモミジ",25.9,28.6,31.5,NA,NA,NA,20051122,20101020,20151015,0,0,0,0,0,0,0,0,0
50,110,772,772,6.8,4.1,"シナノキ",106.1,111.9,114.1,NA,NA,NA,20051122,20101020,20151015,0,0,0,0,0,0,0,0,0
50,110,773,773,9.7,9.2,"イタヤカエデ",33.4,33.8,35.6,"先折れ",NA,NA,20051122,20101020,20151015,0,0,0,0,0,0,0,0,0
60,110,774,774,1.3,1.8,"モイワボダイジュ",51.9,53.5,54.8,NA,NA,NA,20051122,20101022,20151015,0,0,0,0,0,0,0,0,0
60,110,775,775,8.6,9.7,"ヤチダモ",101.5,107.3,112.6,"ツル込み",NA,NA,20051122,20101022,20151015,0,0,0,0,0,0,0,0,0
60,110,776,776,9.8,7.5,"キタコブシ",52.8,53.8,53.3,"先折れ",NA,NA,20051122,20101022,20151015,0,0,0,0,0,0,0,0,0
70,110,777,777,0.8,2.7,"イタヤカエデ",142,144,146.8,NA,NA,NA,20051122,20101022,20151015,0,0,0,0,0,0,0,0,0
50,110,778,778,9.5,3.7,"イタヤカエデ",36.5,37.9,38.5,NA,NA,NA,20051122,20101022,20151015,0,0,0,0,0,0,0,0,0
70,110,779,779,0.9,3.7,"アオダモ",28.3,29,29.3,"先折れ",NA,NA,20051122,20101022,20151015,0,0,0,0,0,0,0,0,0
70,110,780,780,2.2,9,"イタヤカエデ",82.9,84.9,87.9,NA,NA,NA,20051122,20101022,20151015,0,0,0,0,0,0,0,0,0
70,110,781,781,5,4.1,"キタコブシ",52.8,52.5,NA,NA,NA,"立枯れ",20051122,20101022,20151015,0,0,1,0,0,0,0,0,0
70,110,782,782,6.1,8.4,"ハルニレ",89.4,91.5,92.4,"ツル込み",NA,NA,20051122,20101022,20151015,0,0,0,0,0,0,0,0,0
70,110,783,783,7,8.3,"ヤチダモ",125.1,128.5,132.5,NA,NA,NA,20051122,20101022,20151015,0,0,0,0,0,0,0,0,0
70,110,784,784,8.9,3.5,"トドマツ",21.3,NA,NA,NA,"根返り",NA,20051122,20101022,20151015,0,1,2,0,0,0,0,0,0
0,120,785,785,3.8,2.1,"イタヤカエデ",24.2,23.5,24.1,NA,"地上4mから幹が直角に曲がっている",NA,20051122,20101022,20151015,0,0,0,0,0,0,0,0,0
0,120,786,786,6.1,1.1,"ハルニレ",102.3,103.8,108.5,NA,NA,NA,20051122,20101022,20151015,0,0,0,0,0,0,0,0,0
0,120,787,787,6.5,6.9,"イタヤカエデ",50,53.6,57.4,"ツル込み",NA,NA,20051122,20101022,20151015,0,0,0,0,0,0,0,0,0
0,120,788,788,8.1,1.3,"トドマツ",15.6,19.1,20.9,NA,NA,NA,20051122,20101022,20151015,0,0,0,-1,1,0,0,0,0
0,120,789,789,8.1,4.8,"ホオノキ",47,49.2,49.6,NA,NA,NA,20051122,20101022,20151015,0,0,0,0,0,0,0,0,0
0,120,790,789,8.1,4.8,"ホオノキ",44.6,46.9,47.8,"789と同株",NA,NA,20051122,20101022,20151015,0,0,0,0,0,0,0,0,0
0,120,791,791,8.5,1.3,"ミズナラ",89.4,92.7,95.4,NA,NA,NA,20051122,20101022,20151015,0,0,0,0,0,0,0,0,0
10,120,792,792,1,8.5,"ヤチダモ",46.8,52.3,57.6,NA,NA,NA,20051122,20101022,20151015,0,0,0,0,0,0,0,0,0
10,120,793,793,1.1,7,"シナノキ",38.6,29.9,NA,"ツル込み","ツル枯れ（ツル込みなしに変更）","立枯れ",20051122,20101022,20151015,0,0,1,0,0,0,0,0,0
10,120,794,794,2.7,6.3,"イタヤカエデ",48.1,49.9,50.7,"先折れ",NA,NA,20051122,20101022,20151015,0,0,0,0,0,0,0,0,0
10,120,795,795,2.8,6.6,"イタヤカエデ",24,24.5,25.2,NA,NA,NA,20051122,20101022,20151015,0,0,0,0,0,0,0,0,0
10,120,796,796,2.9,7,"イタヤカエデ",16.2,16.2,16,NA,NA,NA,20051122,20101022,20151015,0,0,0,0,0,0,0,0,0
10,120,797,797,6.2,9.8,"カツラ",130.5,135.9,138.7,NA,NA,NA,20051122,20101022,20151015,0,0,0,0,0,0,0,0,0
10,120,798,798,6.9,1.8,"ヤチダモ",93.8,103.9,111.7,NA,"ツル込み（新）",NA,20051122,20101022,20151015,0,0,0,0,0,0,0,0,0
20,120,799,799,0,6.9,"イタヤカエデ",23.5,24.8,26.1,NA,NA,NA,20051122,20101022,20151015,0,0,0,0,0,0,0,0,0
20,120,800,799,0,6.9,"イタヤカエデ",26,27.8,29.4,"799と同株",NA,NA,20051122,20101022,20151015,0,0,0,0,0,0,0,0,0
20,120,801,799,0,6.9,"イタヤカエデ",16,16.1,NA,"799と同株",NA,"立枯れ",20051122,20101022,20151015,0,0,1,0,0,0,0,0,0
20,120,802,802,4.3,9.2,"キタコブシ",65.6,65.5,65.5,NA,NA,NA,20051122,20101022,20151015,0,0,0,0,0,0,0,0,0
20,120,803,803,5.2,3.2,"イタヤカエデ",16.5,NA,NA,"先枯れ","立枯れ",NA,20051122,20101022,20151015,0,1,2,0,0,0,0,0,0
20,120,804,804,5.5,9,"ハリギリ",29,29.5,NA,NA,NA,"枯れ（倒れ）",20051122,20101022,20151015,0,0,1,0,0,0,0,0,0
30,120,805,805,0.1,9.3,"トドマツ",17.5,19.2,20,NA,NA,NA,20051122,20101022,20151015,0,0,0,0,0,0,0,0,0
30,120,806,806,0.2,9,"ヤチダモ",123.3,124.8,130.6,"ツル込み",NA,NA,20051122,20101022,20151015,0,0,0,0,0,0,0,0,0
30,120,807,807,1.5,8.7,"ハルニレ",48.2,48.2,NA,NA,NA,"立枯れ",20051122,20101022,20151015,0,0,1,0,0,0,0,0,0
30,120,808,808,2.2,7.8,"ヤチダモ",126.7,130.4,134.7,NA,NA,NA,20051122,20101022,20151015,0,0,0,0,0,0,0,0,0
30,120,809,809,3.3,6.5,"トドマツ",18.3,NA,NA,NA,"立枯れ",NA,20051122,20101022,20151015,0,1,2,0,0,0,0,0,0
30,120,810,810,3.8,1.1,"ミズナラ",15.9,16,16.3,NA,NA,NA,20051122,20101022,20151015,0,0,0,0,0,0,0,0,0
30,120,811,811,3.9,1.3,"ヤマモミジ",27,27.5,28.7,NA,NA,NA,20051122,20101022,20151015,0,0,0,0,0,0,0,0,0
30,120,812,812,5.1,1,"イタヤカエデ",46.4,46.6,47.5,NA,NA,NA,20051122,20101022,20151015,0,0,0,0,0,0,0,0,0
30,120,813,813,6.8,9.2,"ミズナラ",135.2,138.2,141.7,NA,NA,NA,20051122,20101022,20151015,0,0,0,0,0,0,0,0,0
30,120,814,814,9.2,6.8,"ベニイタヤ",27.6,29.8,30.9,NA,NA,NA,20051122,20101022,20151015,0,0,0,0,0,0,0,0,0
30,120,815,815,9.8,1.7,"ヤチダモ",127.2,130.9,134.2,NA,NA,NA,20051122,20101022,20151015,0,0,0,0,0,0,0,0,0
40,120,816,816,0.8,4.1,"カツラ",91.1,94.1,95.8,NA,NA,NA,20051122,20101022,20151015,0,0,0,0,0,0,0,0,0
40,120,817,817,3.5,1,"ハルニレ",55.3,55.4,NA,NA,NA,"立枯れ",20051122,20101022,20151015,0,0,1,0,0,0,0,0,0
40,120,818,818,5.4,9.6,"シナノキ",19.2,19.3,19.5,"先枯れ",NA,NA,20051122,20101022,20151015,0,0,0,0,0,0,0,0,0
40,120,819,819,6.3,0.7,"ヤチダモ",143.7,148.9,152.8,NA,NA,NA,20051122,20101022,20151015,0,0,0,0,0,0,0,0,0
40,120,820,820,8.4,7.5,"ヤチダモ",130.2,133.5,136.1,NA,NA,NA,20051122,20101022,20151015,0,0,0,0,0,0,0,0,0
40,120,821,821,8.7,4.5,"ハルニレ",114.5,118.9,122,NA,NA,NA,20051122,20101022,20151015,0,0,0,0,0,0,0,0,0
40,120,822,822,9.4,7.5,"シナノキ",37,37,36,NA,NA,NA,20051122,20101022,20151015,0,0,0,0,0,0,0,0,0
40,120,823,822,9.6,7.3,"シナノキ",23.7,24.1,24.3,"822と同株，先折れ","",NA,20051122,20101022,20151015,0,0,0,0,0,0,0,0,0
40,120,824,822,9.8,7.5,"シナノキ",83.4,85.3,86.2,"822と同株",NA,NA,20051122,20101022,20151015,0,0,0,0,0,0,0,0,0
50,120,825,825,5.4,1.4,"シナノキ",111.1,112.6,115.3,NA,NA,NA,20051122,20101022,20151015,0,0,0,0,0,0,0,0,0
50,120,826,826,5.9,2.2,"ハクウンボク",28,28.3,31.7,NA,NA,NA,20051122,20101022,20151015,0,0,0,0,0,0,0,0,0
50,120,827,827,6.9,5.6,"ヤチダモ",155,157.6,161.3,NA,NA,NA,20051122,20101022,20151015,0,0,0,0,0,0,0,0,0
50,120,828,828,9.5,8.7,"ヤチダモ",105.3,109,112.8,NA,NA,NA,20051122,20101022,20151015,0,0,0,0,0,0,0,0,0
60,120,829,829,0.5,3.7,"ウダイカンバ",38.7,39,NA,NA,NA,"根返り",20051122,20101022,20151015,0,0,1,0,0,0,0,0,0
60,120,830,830,3.7,0.6,"イタヤカエデ",50.4,54.4,58.3,NA,NA,NA,20051122,20101022,20151015,0,0,0,0,0,0,0,0,0
60,120,831,831,4.1,3.8,"トドマツ",23.6,27.8,29.9,NA,NA,NA,20051122,20101022,20151015,0,0,0,0,0,0,0,0,0
60,120,832,832,4.3,6.8,"シナノキ",64.6,68.8,70,NA,NA,NA,20051122,20101022,20151015,0,0,0,0,0,0,0,0,0
60,120,833,833,6.1,1,"ハルニレ",88.1,91.9,96.4,NA,NA,NA,20051115,20101016,20151015,0,0,0,0,0,0,0,0,0
60,120,834,834,7.4,9.2,"ハルニレ",101.4,NA,NA,NA,"幹折れ（高さ2m）",NA,20051115,20101016,20151015,0,1,2,0,0,0,0,0,0
70,120,835,835,0.3,3.3,"ハルニレ",159.5,162.7,165.2,NA,NA,NA,20051115,20101016,20151015,0,0,0,0,0,0,0,0,0
70,120,836,836,0.4,4.7,"ヤチダモ",117.9,122.5,125.6,NA,NA,NA,20051115,20101016,20151015,0,0,0,0,0,0,0,0,0
70,120,837,837,0.5,6.5,"イタヤカエデ",42.4,44.3,45.2,NA,NA,NA,20051115,20101016,20151015,0,0,0,0,0,0,0,0,0
70,120,838,838,3.4,6.2,"ヤチダモ",103.7,105.9,107.9,NA,NA,NA,20051115,20101016,20151015,0,0,0,0,0,0,0,0,0
70,120,839,839,5.3,8.4,"シナノキ",75.1,77,77,NA,NA,NA,20051115,20101016,20151015,0,0,0,0,0,0,0,0,0
70,120,840,840,7.7,8.3,"ヤマモミジ",55.4,57.5,61.3,NA,NA,"ツル込み",20051115,20101016,20151015,0,0,0,0,0,0,0,0,0
70,120,841,841,8.6,8.8,"ヤチダモ",102.6,106.7,111.3,NA,NA,NA,20051119,20101018,20151015,0,0,0,0,0,0,0,0,0
70,120,842,842,9.4,0.5,"ハルニレ",91.4,94,95.8,NA,NA,NA,20051119,20101018,20151015,0,0,0,0,0,0,0,0,0
70,120,843,843,9.4,0.5,"ハルニレ",57.6,NA,NA,"842と同じ株","立枯れ",NA,20051119,20101018,20151015,0,1,2,0,0,0,0,0,0
50,0,844,844,4.3,6.9,"アオダモ",17.6,NA,NA,NA,"倒木巻き込まれ",NA,20051115,20101016,20151005,0,1,2,0,0,0,0,0,0
50,0,845,845,9.6,6.1,"アオダモ",27.2,NA,NA,NA,"根返り",NA,20051115,20101016,20151005,0,1,2,0,0,0,0,0,0
20,10,846,846,7.1,2.9,"トドマツ",26.6,NA,NA,NA,"根元折れ",NA,20051115,20101016,20151005,0,1,2,0,0,0,0,0,0
20,10,847,847,4.5,6.2,"アオダモ",33.6,NA,NA,NA,"根元折れ",NA,20051115,20101016,20151005,0,1,2,0,0,0,0,0,0
60,20,848,214,3.5,10,"ハルニレ",89.2,92,93.8,"214と同株",NA,NA,20051115,20101016,20151005,0,0,0,0,0,0,0,0,0
70,30,849,849,10,2.8,"アオダモ",20.3,NA,NA,"半分根返り","枯れ",NA,20051119,20101018,20151013,0,1,2,0,0,0,0,0,0
40,30,850,850,8.7,2.9,"トドマツ",15,NA,NA,NA,"根返り",NA,20051115,20101016,20151013,0,1,2,-1,-1,-1,0,0,0
10,30,851,851,0.5,0.6,"シナノキ",43.1,NA,NA,"半分根返り","確認できず（枯死）",NA,20051115,20101016,20151013,0,1,2,0,0,0,0,0,0
0,40,852,852,4.2,3.8,"トドマツ",15.6,20,24.6,NA,NA,NA,20051119,20101018,20151013,0,0,0,-1,1,0,0,0,0
0,50,853,853,1.5,9.1,"ハルニレ",122.5,128.2,135.5,NA,NA,NA,20051119,20101018,20151013,0,0,0,0,0,0,0,0,0
40,50,854,854,8.9,5.5,"シナノキ",50,52.2,53.2,NA,NA,NA,20051119,20101018,20151013,0,0,0,0,0,0,0,0,0
70,60,855,855,5.6,1.7,"ハルニレ",114.1,118.2,125.1,"ツル込み","ツル込みではなかった",NA,20051120,20101018,20151013,0,0,0,0,0,0,0,0,0
60,60,856,856,6.6,9.2,"トドマツ",15.9,NA,NA,NA,NA,NA,20051120,20101018,20151013,0,1,2,0,0,0,0,0,0
30,100,857,857,4.8,3.3,"イタヤカエデ",74.6,77.8,78.8,"先折れ",NA,NA,20051122,20101020,20151015,0,0,0,0,0,0,0,0,0
40,0,858,858,0.7,0.6,"トドマツ",NA,NA,18.4,"","",NA,NA,NA,20151005,0,0,0,-1,-1,1,0,0,0
60,0,859,859,0,7,"トドマツ",NA,NA,17,"","",NA,NA,NA,20151005,0,0,0,-1,-1,1,0,0,0
70,10,860,860,0.6,5.9,"トドマツ",NA,NA,15.7,"","",NA,NA,NA,20151005,0,0,0,-1,-1,1,0,0,0
60,10,861,861,8.6,4.2,"トドマツ",NA,NA,15.2,"","",NA,NA,NA,20151005,0,0,0,-1,-1,-1,0,0,0
60,10,862,862,6.2,0.9,"トドマツ",NA,NA,16,"","",NA,NA,NA,20151005,0,0,0,-1,-1,1,0,0,0
30,10,863,863,8.5,1.9,"ナナカマド",NA,NA,16,"","",NA,NA,NA,20151005,0,0,0,-1,-1,1,0,0,0
50,0,901,901,8.8,0.2,"トドマツ",NA,15.2,NA,"",NA,"枯れ（不明）",NA,20101022,20151015,0,0,1,-1,-1,-1,0,0,0
60,0,902,66,5.2,0.7,"カツラ",26.9,28.5,30.2,"66と同株、タグの付け替え",NA,NA,20051115,20101016,20151005,0,0,0,0,0,0,0,0,0
60,10,903,903,2.9,7.8,"ベニイタヤ",NA,17.1,19.4,"",NA,NA,NA,20101022,20151005,0,0,0,-1,1,0,0,0,0
30,10,904,904,8.2,3.5,"トドマツ",NA,15.4,NA,"",NA,"立枯れ",NA,20101022,20151015,0,0,1,-1,-1,-1,0,0,0
30,10,904,117,8.3,7,"トドマツ",16,17,NA,NA,"タグの付け替え","立枯れ",20051115,20101016,20151005,0,0,1,0,0,0,0,0,0
10,20,905,905,0,8,"トドマツ",NA,16.9,22.5,"",NA,NA,NA,20101022,20151005,0,0,0,-1,1,0,0,0,0
10,20,906,166,5.4,4.1,"シナノキ",84.3,91.9,98.7,NA,NA,"タグの付け替え，ツル込み",20051115,20101016,20151005,0,0,0,0,0,0,0,0,0
50,10,907,907,9.4,9.4,"ナナカマド",NA,15.2,17.6,"",NA,NA,NA,20101022,20151005,0,0,0,-1,-1,1,0,0,0
70,20,908,908,2.4,9.5,"ベニイタヤ",NA,18.4,22.2,"",NA,NA,NA,20101022,20151005,0,0,0,-1,1,0,0,0,0
10,40,909,909,7.5,6.1,"ミズナラ",NA,16.5,17.5,"",NA,NA,NA,20101022,20151013,0,0,0,-1,1,0,0,0,0
30,40,910,NA,7.2,9,"シナノキ",43.2,43.4,43.3,"","高さ4mで幹折れ（生残）",NA,20051119,20101018,20151013,0,0,0,0,0,0,0,0,0
30,40,910,910,7.2,9,"シナノキ",NA,43.4,43.3,"","高さ4mで幹折れ，前回枯死と判定していたが枝が出ていて生残","",NA,20101022,20151015,0,0,0,0,0,0,1,0,0
30,40,911,911,7.9,1.4,"トドマツ",NA,15.1,16.2,"",NA,NA,NA,20101022,20151013,0,0,0,-1,-1,1,0,0,0
50,40,912,912,0.2,6,"トドマツ",NA,15.2,17,"",NA,NA,NA,20101022,20151013,0,0,0,-1,-1,1,0,0,0
60,40,913,913,4.2,0.7,"モイワボダイジュ",NA,15.6,20.5,"","345と同株，旧タグ860",NA,NA,20101022,20151015,0,0,0,-1,-1,1,0,0,0
60,40,914,914,4.2,0.7,"モイワボダイジュ",NA,16,22.5,"","345と同株，旧タグ86１",NA,NA,20101022,20151013,0,0,0,-1,1,0,0,0,0
60,40,915,915,4.2,0.7,"モイワボダイジュ",NA,15.7,16.2,"","345と同株，旧タグ862",NA,NA,20101022,20151013,0,0,0,-1,1,0,0,0,0
0,60,916,916,5,7.5,"トドマツ",NA,15,15.7,"",NA,NA,NA,20101022,20151015,0,0,0,-1,-1,1,0,0,0
10,60,917,917,1.4,6.9,"シナノキ",NA,16,18.5,"","441と同株",NA,NA,20101022,20151013,0,0,0,-1,1,0,0,0,0
50,60,918,918,5.9,6.2,"トドマツ",NA,18.8,23.5,"",NA,NA,NA,20101022,20151013,0,0,0,-1,1,0,0,0,0
70,50,919,919,5,6.3,"トドマツ",NA,15.2,18.8,"",NA,NA,NA,20101022,20151013,0,0,0,-1,-1,1,0,0,0
60,70,920,920,6.9,8,"トドマツ",NA,17.4,26.1,"",NA,NA,NA,20101022,20151015,0,0,0,-1,1,0,0,0,0
0,80,922,922,1.2,5.6,"トドマツ",NA,15.8,NA,"",NA,"枯れ（倒木）",NA,20101022,20151013,0,0,1,-1,1,0,0,0,0
20,80,923,923,7.1,4.2,"トドマツ",NA,16.2,16.8,"",NA,NA,NA,20101022,20151015,0,0,0,-1,1,0,0,0,0
30,80,924,924,7.7,7.8,"トドマツ",NA,16.9,20.4,"",NA,NA,NA,20101022,20151015,0,0,0,-1,1,0,0,0,0
60,80,925,925,6.4,9.3,"キタコブシ",NA,18.6,18.8,"",NA,NA,NA,20101022,20151015,0,0,0,-1,1,0,0,0,0
50,90,926,926,2,8.9,"トドマツ",NA,16,19.6,"",NA,NA,NA,20101022,20151015,0,0,0,-1,1,0,0,0,0
10,90,927,666,7.8,4.3,"キタコブシ",21.8,22.6,22.7,NA,"タグの付け替え",NA,20051122,20101020,20151015,0,0,0,0,0,0,0,0,0
50,100,928,928,7.6,4.2,"トドマツ",NA,17.2,22.2,"",NA,NA,NA,20101022,20151015,0,0,0,-1,1,0,0,0,0
60,100,929,929,2,7.8,"ヤマモミジ",NA,17,18,"",NA,NA,NA,20101022,20151015,0,0,0,-1,1,0,0,0,0
20,110,930,930,2.8,7.8,"トドマツ",NA,17.3,19.5,"",NA,NA,NA,20101022,20151015,0,0,0,-1,1,0,0,0,0
20,110,931,931,2,6.3,"トドマツ",NA,15.9,17.3,"",NA,NA,NA,20101022,20151015,0,0,0,-1,1,0,0,0,0
10,110,932,746,9.2,5.3,"ハルニレ",128.6,137.5,143.9,NA,"タグの付け替え",NA,20051122,20101022,20151015,0,0,0,0,0,0,0,0,0
0,110,933,933,2.7,0.4,"ヤマモミジ",NA,17.3,19,"",NA,NA,NA,20101022,20151015,0,0,0,-1,1,0,0,0,0
0,110,934,934,6.8,2.7,"トドマツ",NA,15,16.1,"",NA,NA,NA,20101022,20151015,0,0,0,-1,-1,1,0,0,0
0,120,935,935,2.1,0.4,"キタコブシ",NA,38.4,NA,"","前回枯死と判定していたが生残","立枯れ",NA,20101022,20151015,0,0,1,0,0,0,1,0,0
10,120,936,936,6.2,9.8,"カツラ",NA,18.4,21.8,"","797と同株",NA,NA,20101022,20151015,0,0,0,-1,1,0,0,0,0
10,10,937,91,3.4,1.2,"ハルニレ",126.7,134.5,143.1,NA,NA,"タグの付け替え",20051115,20101016,20151005,0,0,0,0,0,0,0,0,0
10,20,938,169,9.8,5.8,"ミズナラ",150.8,157,159.5,"ツル込み",NA,"タグの付け替え",20051115,20101016,20151005,0,0,0,0,0,0,0,0,0
30,20,939,186,3.9,9.4,"シナノキ",111.4,117.8,121.7,NA,NA,"タグの付け替え",20051115,20101016,20151005,0,0,0,0,0,0,0,0,0
30,20,940,940,4.5,5.1,"トドマツ",NA,NA,17,"","",NA,NA,NA,20151005,0,0,0,-1,-1,1,0,0,0
40,20,941,196,6.1,8.5,"カツラ",45.3,47.6,51.5,NA,NA,"タグの付け替え",20051115,20101016,20151005,0,0,0,0,0,0,0,0,0
40,20,942,942,0.2,0.4,"ホオノキ",NA,NA,16.8,"","",NA,NA,NA,20151005,0,0,0,-1,-1,1,0,0,0
60,20,943,222,8.5,2.2,"モイワボダイジュ",17.7,17.7,16.2,NA,NA,"タグの付け替え",20051115,20101016,20151005,0,0,0,0,0,0,0,0,0
70,20,944,229,1.9,7.7,"シウリザクラ",28.1,31.3,34.4,NA,NA,"タグの付け替え",20051115,20101016,20151005,0,0,0,0,0,0,0,0,0
60,30,945,945,7.2,4.8,"ベニイタヤ",NA,NA,15.4,"","",NA,NA,NA,20151013,0,0,0,-1,-1,-1,0,0,0
70,40,946,946,7.9,3.7,"ホオノキ",NA,NA,16,"","","360と同株",NA,NA,20151013,0,0,0,-1,-1,1,0,0,0
70,40,947,947,0.7,0,"ホオノキ",NA,NA,17.8,"","",NA,NA,NA,20151013,0,0,0,-1,-1,1,0,0,0
70,40,948,948,0.7,0,"ホオノキ",NA,NA,15.2,"","","947と同株",NA,NA,20151013,0,0,0,-1,-1,-1,0,0,0
60,40,949,341,0.4,4.7,"シナノキ",51.5,52.5,52.8,NA,NA,"タグの付け替え",20051119,20101018,20151013,0,0,0,0,0,0,0,0,0
60,40,950,950,4.2,0.7,"モイワボダイジュ",NA,NA,15.4,"","","345と同株",NA,NA,20151013,0,0,0,-1,-1,-1,0,0,0
60,40,951,339,0,7.2,"ミズナラ",66.7,68.2,77.2,NA,NA,"タグの付け替え",20051119,20101018,20151013,0,0,0,0,0,0,0,0,0
60,40,952,347,8.8,8.9,"ハルニレ",98,101.2,104,NA,NA,"タグの付け替え",20051119,20101018,20151013,0,0,0,0,0,0,0,0,0
30,40,953,325,5.7,2.4,"シナノキ",49.8,56.2,59.8,NA,NA,"タグの付け替え",20051119,20101018,20151013,0,0,0,0,0,0,0,0,0
30,40,954,954,8.6,9.7,"トドマツ",NA,NA,20.3,"","",NA,NA,NA,20151013,0,0,0,-1,-1,1,0,0,0
40,50,955,388,0,0.7,"シナノキ",49.1,55,57,NA,NA,"タグの付け替え",20051119,20101018,20151013,0,0,0,0,0,0,0,0,0
40,50,956,956,4.9,2.3,"トドマツ",NA,NA,15.4,"","",NA,NA,NA,20151013,0,0,0,-1,-1,-1,0,0,0
70,50,957,957,1.8,9.3,"トドマツ",NA,NA,16.5,"","",NA,NA,NA,20151013,0,0,0,-1,-1,1,0,0,0
70,60,958,958,1.1,8.6,"ナナカマド",NA,NA,16.6,"","",NA,NA,NA,20151013,0,0,0,-1,-1,1,0,0,0
70,60,959,959,5.8,6.4,"トドマツ",NA,NA,18.5,"","",NA,NA,NA,20151013,0,0,0,-1,-1,1,0,0,0
50,60,960,471,1.1,6.6,"アオダモ",16.1,18,18.4,NA,NA,"タグの付け替え",20051120,20101018,20151013,0,0,0,0,0,0,0,0,0
50,60,961,961,1.8,4.8,"トドマツ",NA,NA,18.8,"","",NA,NA,NA,20151013,0,0,0,-1,-1,1,0,0,0
40,60,962,465,1,4.5,"アオダモ",35.8,37,38,NA,NA,"タグの付け替え",20051120,20101018,20151013,0,0,0,0,0,0,0,0,0
30,60,963,462,9.1,7,"シナノキ",122.1,126.5,128.8,NA,NA,"タグの付け替え",20051120,20101018,20151013,0,0,0,0,0,0,0,0,0
20,70,964,514,1.5,4.4,"イタヤカエデ",23.5,25.9,30.2,NA,NA,"タグの付け替え",20051120,20101018,20151013,0,0,0,0,0,0,0,0,0
20,70,965,515,5.1,9,"トドマツ",31.7,35,42.5,NA,NA,"タグの付け替え",20051120,20101018,20151013,0,0,0,0,0,0,0,0,0
30,70,966,966,1.7,5.1,"ノリウツギ",NA,NA,15.2,"","",NA,NA,NA,20151013,0,0,0,-1,-1,-1,0,0,0
50,70,967,536,0.3,1.6,"イタヤカエデ",22.6,23.2,26,NA,NA,"タグの付け替え",20051120,20101018,20151013,0,0,0,0,0,0,0,0,0
60,70,968,547,3.7,4.4,"シウリザクラ",53.3,58.3,61,NA,NA,"タグの付け替え",20051120,20101020,20151013,0,0,0,0,0,0,0,0,0
60,70,969,969,7.7,5,"トドマツ",NA,NA,30.1,"","",NA,NA,NA,20151013,0,0,0,-1,-1,1,0,0,0
70,70,970,970,2.2,1.5,"イタヤカエデ",NA,NA,27.4,"","",NA,NA,NA,20151013,0,0,0,-1,-1,1,0,0,0
70,70,971,971,2,6.8,"キタコブシ",NA,NA,20.6,"","",NA,NA,NA,20151013,0,0,0,-1,-1,1,0,0,0
60,80,972,629,9.4,6.5,"ハリギリ",89.5,93,95,NA,NA,"タグの付け替え",20051120,20101020,20151015,0,0,0,0,0,0,0,0,0
50,80,973,973,5.6,6.5,"ベニイタヤ",NA,NA,15.7,"","","617と同株",NA,NA,20151013,0,0,0,-1,-1,1,0,0,0
40,80,974,602,1.4,3.7,"アズキナシ",29.1,32.8,29.9,"先折れ",NA,"タグの付け替え",20051120,20101020,20151015,0,0,0,0,0,0,0,0,0
30,80,976,976,7.7,4.9,"トドマツ",NA,NA,17.5,"","",NA,NA,NA,20151013,0,0,0,-1,-1,1,0,0,0
20,80,977,585,6.5,3.7,"イタヤカエデ",79.2,80.2,81.8,NA,NA,"タグの付け替え",20051120,20101020,20151015,0,0,0,0,0,0,0,0,0
20,90,978,672,7.7,9.2,"ハリギリ",55.2,61.9,64.8,NA,NA,"タグの付け替え",20051122,20101020,20151015,0,0,0,0,0,0,0,0,0
30,90,979,979,7.9,5.8,"トドマツ",NA,NA,15,"","",NA,NA,NA,20151013,0,0,0,-1,-1,-1,0,0,0
30,90,980,980,6.4,9,"トドマツ",NA,NA,16.9,"","","",NA,NA,20151013,0,0,0,-1,-1,1,0,0,0
60,90,981,981,0.9,3.9,"トドマツ",NA,NA,18.3,"","","",NA,NA,20151013,0,0,0,-1,-1,1,0,0,0
70,90,982,982,9.2,7.2,"トドマツ",NA,NA,15,"","","",NA,NA,20151013,0,0,0,-1,-1,-1,0,0,0
50,100,983,983,7.3,4,"トドマツ",NA,NA,15.8,"","","",NA,NA,20151013,0,0,0,-1,-1,1,0,0,0
50,100,984,984,4,5.4,"トドマツ",NA,NA,17.1,"","","",NA,NA,20151013,0,0,0,-1,-1,1,0,0,0
50,100,985,985,3.3,0.8,"トドマツ",NA,NA,18.2,"","","",NA,NA,20151013,0,0,0,-1,-1,1,0,0,0
50,100,986,986,3.3,1.5,"トドマツ",NA,NA,16.3,"","","",NA,NA,20151013,0,0,0,-1,-1,1,0,0,0
30,100,987,707,5.7,9.2,"ヤマモミジ",86,91.4,96.4,NA,NA,"タグの付け替え",20051122,20101020,20151015,0,0,0,0,0,0,0,0,0
0,110,988,735,5.7,3.3,"ヤマモミジ",50.8,54.4,56.6,NA,"ツル込み（以前から），タグの付け替え",NA,20051122,20101022,20151015,0,0,0,0,0,0,0,0,0
20,110,989,989,8,6.3,"トドマツ",NA,NA,15.9,"","","",NA,NA,20151013,0,0,0,-1,-1,1,0,0,0
60,110,990,990,5.1,8.1,"エゾイタヤ",NA,NA,16.4,"","","",NA,NA,20151013,0,0,0,-1,-1,1,0,0,0
