#/log,DATA CREATED,データ作成日,20180320,,,,,,,,,
#/doc,DATA CREATER,データ作成者,大久保達弘,,,,,,,,,
#,DATA TITLE,データ名,Temporal Change in Tree Girth at Breast Height at Takaharayama (TK-DB1).,,,,,,,,,
#,SITE NAME,サイト名,高原山,,,,,,,,,
#,PLOT NAME,調査地名,-,,,,,,,,,
#,PLOT CODE,調査区コード,TK-DB1,,,,,,,,,
#,PLOT SIZE,面積,1ha,,,,,,,,,
#,PRAMETER DEFINITIONS,mesh_xcord,10ｍ方形区ｘ座標,,,,,,,,,
#,,mesh_ｙcord,10ｍ方形区ｙ座標,,,,,,,,,
#,,tag_no,幹タグ番号,,,,,,,,,
#,,indv_no,個体タグ番号,,,,,,,,,
#,,stem_xcord,幹のx座標（10m方形区内での座標）,,,,,,,,,
#,,stem_ycord,幹のｙ座標（10m方形区内での座標）,,,,,,,,,
#,,spc_japan,種名,,,,,,,,,
#,,gbh,胸高周囲長〔cm〕,,,,,,,,,
#,,note,備考,,,,,,,,,
#,,s_data,調査日,,,,,,,,,
#/note,20090420,データ成形（石原）,,,,,,,,,,
#,,胸高直径5cm以上を調査している,,,,,,,,,,
#,,tag_no=975-->979,,,,,,,,,,
#,20090511,アカヤシオツツジ-->アカヤシオ,,,,,,,,,,
#,,シロヤシオツツジ-->シロヤシオ,,,,,,,,,,
#,,tag_no=630のmesh_ycordが空欄だったが、30と推定されたので、代入,,,,,,,,,,
#,,,,,,,,,,,,
#,,,,,,,,,,,,
#,,,,,,,,,,,,
#,,,,,,,,,,,,
#/data,,,,,,,,,,,,
"mesh_xcord","mesh_ycord","tag_no","indv_no","stem_xcord","stem_ycord","spc_japan","gbh08","gbh13","note08","note13","s_date08","s_date13","dl08","dl13","rec08","rec13","error08","error13"
10,0,13713,13713,2,4.9,"クマシデ",NA,18.2,"","新規加入幹",NA,20130913,0,0,-1,1,0,0
10,0,1,1,9,1.8,"サワシバ",25.8,26.9,NA,"",20080811,20130913,0,0,0,0,0,0
10,0,2,2,7.8,5,"アワブキ",23,24.3,NA,"",20080811,20130913,0,0,0,0,0,0
10,0,3,3,1.2,9.4,"イヌブナ",180.7,181,NA,"",20080811,20130913,0,0,0,0,0,0
10,0,4,3,1.5,9,"イヌブナ",59.3,60,NA,"",20080811,20130913,0,0,0,0,0,0
10,0,5,3,2.5,8.9,"イヌブナ",20.5,22.5,NA,"",20080811,20130913,0,0,0,0,0,0
10,0,6,3,1.8,8.4,"イヌブナ",26.3,36.2,NA,"",20080811,20130913,0,0,0,0,0,0
10,0,7,3,1.6,8.4,"イヌブナ",133.7,134.1,"4mの位置で幹折れ(生存)","",20080811,20130913,0,0,0,0,0,0
10,0,8,3,1.6,7.8,"イヌブナ",38,41.3,NA,"",20080811,20130913,0,0,0,0,0,0
10,0,13715,3,1.6,7.8,"イヌブナ",NA,17.6,"","新規加入幹",NA,20130913,0,0,-1,1,0,0
10,0,9,3,1.4,8.2,"イヌブナ",145.1,152.4,NA,"",20080811,20130913,0,0,0,0,0,0
10,0,13716,3,1.4,8.2,"イヌブナ",NA,16.4,"","新規加入幹",NA,20130913,0,0,-1,1,0,0
10,0,10,3,0.9,7.6,"イヌブナ",21.2,23.2,"測定位置1.40m","測定位置1.40m",20080811,20130913,0,0,0,0,0,0
10,0,11,3,1.2,9.4,"イヌブナ",24.2,27.2,NA,"",20080811,20130913,0,0,0,0,0,0
10,0,12,3,0.4,8,"イヌブナ",235,252.3,NA,"",20080811,20130913,0,0,0,0,0,0
10,0,13,3,0.5,9.6,"イヌブナ",137.7,148.4,"測定位置1.40m","測定位置1.40m",20080811,20130913,0,0,0,0,0,0
10,0,14,3,0.8,9.6,"イヌブナ",27.3,29.5,NA,"",20080811,20130913,0,0,0,0,0,0
10,0,15,3,0.8,9.8,"イヌブナ",25.3,27.5,NA,"",20080811,20130913,0,0,0,0,0,0
10,0,16,3,2.5,8.9,"イヌブナ",16.6,18.2,NA,"",20080811,20130913,0,0,0,0,0,0
10,0,17,3,0.2,9.6,"イヌブナ",17.7,20.5,NA,"",20080811,20130913,0,0,0,0,0,0
0,0,18,18,3.5,6.9,"サワシバ",17.9,19.3,NA,"",20080811,20130913,0,0,0,0,0,0
0,10,19,19,1.2,1.6,"アワブキ",24.1,24.7,NA,"",20080811,20130913,0,0,0,0,0,0
0,10,20,20,6,1.2,"サワシバ",21.5,NA,"3mの位置で幹折れ(生存)","幹折れ",20080811,20130913,0,1,0,0,0,0
10,10,21,21,8.8,3,"ウワミズザクラ",39.1,42.8,NA,"",20080811,20130913,0,0,0,0,0,0
10,10,22,22,6,8,"キハダ",37,37.7,NA,"",20080811,20130913,0,0,0,0,0,0
10,10,23,23,6.5,9,"ウワミズザクラ",63.6,71.7,NA,"",20080811,20130913,0,0,0,0,0,0
10,10,24,24,8,7.8,"ウワミズザクラ",36.8,37.8,NA,"",20080811,20130913,0,0,0,0,0,0
10,10,25,25,9.5,7.8,"ミズキ",55.7,64.1,NA,"",20080811,20130913,0,0,0,0,0,0
0,10,26,26,8.8,7,"シラキ",45.9,48.5,NA,"",20080811,20130913,0,0,0,0,0,0
0,10,27,27,1.7,6.7,"カジカエデ",105,105.1,NA,"",20080811,20130913,0,0,0,0,0,0
0,10,28,28,1.4,5.8,"コバノトネリコ",25.6,26.4,NA,"",20080811,20130913,0,0,0,0,0,0
0,10,29,29,1.5,9.2,"カジカエデ",49.5,50.8,NA,"",20080811,20130913,0,0,0,0,0,0
0,20,30,30,3.8,1,"シラキ",46.8,48.4,NA,"",20080811,20130913,0,0,0,0,0,0
0,20,31,31,3.2,0.6,"シラキ",47.8,48.5,NA,"",20080811,20130913,0,0,0,0,0,0
0,20,32,32,6.8,4.5,"サワシバ",16.8,21.6,NA,"",20080811,20130913,0,0,0,0,0,0
10,20,33,33,3.5,4.2,"サンショウ",NA,22.9,"","新規加入幹",NA,20130913,0,0,-1,1,0,0
10,20,34,34,8.8,0.4,"ミズキ",70.8,83.8,NA,"",20080811,20130913,0,0,0,0,0,0
10,20,35,35,9.3,4.2,"ミズキ",52.5,61.6,NA,"",20080811,20130913,0,0,0,0,0,0
10,20,36,36,9.8,5.4,"サワシバ",66,70.6,"つる","",20080811,20130913,0,0,0,0,0,0
0,20,37,37,1.2,8.2,"サワシバ",55.8,59.4,NA,"",20080811,20130913,0,0,0,0,0,0
0,30,38,38,3.2,1,"エゴノキ",21.5,33.9,NA,"",20080811,20130913,0,0,0,0,0,0
0,30,39,39,3.7,3.2,"コバノトネリコ",19.2,20.8,"測定位置2.00m","測定位置1.30取り直し",20080811,20130913,0,0,0,0,0,0
0,30,13717,39,1.4,3,"コバノトネリコ",NA,16.4,"","新規加入幹",NA,20130913,0,0,-1,1,0,0
0,30,40,40,7,4.4,"ブナ",218,226.9,NA,"Tag落ち→13718",20080811,20130913,0,0,0,0,0,0
10,30,41,41,7.8,7.2,"サワシバ",146,148,"測定位置2.00m","測定位置2.00m",20080811,20130913,0,0,0,0,0,0
10,30,42,42,4.9,8.1,"サワシバ",81.7,86.2,NA,"",20080811,20130913,0,0,0,0,0,0
0,30,43,43,8,7.4,"サワシバ",54.3,58.5,NA,"",20080811,20130913,0,0,0,0,0,0
0,40,44,44,0.5,0,"コバノトネリコ",17.1,19.3,NA,"",20080811,20130913,0,0,0,0,0,0
0,40,45,45,0.2,4.3,"サンショウ",19.9,22.3,"測定位置1.40m","測定位置1.41m",20080811,20130913,0,0,0,0,0,0
0,40,47,47,8.2,3,"サワシバ",22.5,25.9,NA,"",20080811,20130913,0,0,0,0,0,0
10,40,48,48,1.2,1,"カジカエデ",58.5,61.2,NA,"",20080811,20130913,0,0,0,0,0,0
10,40,13719,48,1.2,1,"カジカエデ",NA,18.4,"","新規加入幹",NA,20130913,0,0,-1,1,0,0
10,40,49,49,1.3,4.9,"サワシバ",31.7,40.3,NA,"",20080811,20130913,0,0,0,0,0,0
10,40,50,50,2.9,4.7,"コバノトネリコ",22.7,30,NA,"",20080811,20130913,0,0,0,0,0,0
10,40,51,51,7.3,4.6,"サワシバ",18.8,21.8,NA,"",20080811,20130913,0,0,0,0,0,0
10,40,52,52,9.2,4.6,"サワシバ",28.7,37.7,NA,"",20080811,20130913,0,0,0,0,0,0
10,40,54,54,9.2,5.7,"カジカエデ",17.5,19.5,NA,"",20080811,20130913,0,0,0,0,0,0
10,40,55,55,8.2,5.6,"サワシバ",33.9,40.1,NA,"",20080811,20130913,0,0,0,0,0,0
10,40,56,56,8.4,6.8,"サワシバ",53.8,61.8,NA,"",20080811,20130913,0,0,0,0,0,0
10,40,57,57,6,7.1,"カジカエデ",23.6,30.8,NA,"",20080811,20130913,0,0,0,0,0,0
10,40,58,58,9,8.8,"サワシバ",49,NA,NA,"立枯れ",20080811,20130913,0,1,0,0,0,0
10,40,59,59,0.6,7.8,"シラキ",55.6,61.2,NA,"",20080811,20130913,0,0,0,0,0,0
0,40,60,60,8.9,6.5,"サワシバ",24.4,30.2,NA,"",20080811,20130913,0,0,0,0,0,0
0,40,62,62,5.6,9.4,"サンショウ",18.8,NA,NA,"立枯れ",20080811,20130913,0,1,0,0,0,0
0,40,63,63,7.1,8.7,"サワシバ",15.8,23.2,NA,"",20080811,20130913,0,0,0,0,0,0
0,40,64,64,8.5,8.7,"サンショウ",25.4,27.5,NA,"",20080811,20130913,0,0,0,0,0,0
0,40,65,65,1.3,7.5,"シラキ",25.3,27.5,NA,"",20080811,20130913,0,0,0,0,0,0
0,40,66,66,4.2,5.5,"サワシバ",23,29.5,"測定位置1.20m","測定位置1.20m",20080811,20130913,0,0,0,0,0,0
0,40,67,67,3.1,6,"サワシバ",21.3,27.1,NA,"",20080811,20130913,0,0,0,0,0,0
0,40,68,68,0.3,9,"シラキ",16,17.8,"測定位置1.20m","測定位置1.20m",20080811,20130913,0,0,0,0,0,0
0,40,69,69,0.8,9.8,"サワシバ",102.3,108.1,NA,"",20080811,20130913,0,0,0,0,0,0
0,50,71,71,3,1,"サワシバ",56.7,63.5,NA,"",20080811,20130913,0,0,0,0,0,0
0,50,72,72,7.6,1.1,"ヤブデマリ",24,26.8,NA,"",20080811,20130913,0,0,0,0,0,0
10,50,77,77,3.4,5,"マユミ",38.8,38.5,NA,"",20080811,20130913,0,0,0,0,0,0
10,50,78,77,3.4,5,"マユミ",33,36,NA,"",20080811,20130913,0,0,0,0,0,0
10,50,13720,13720,5,1.3,"コバノトネリコ",NA,17,"","新規加入幹",NA,20130913,0,0,-1,1,0,0
10,50,73,73,5.8,4.5,"マユミ",84.9,92.4,NA,"",20080811,20130913,0,0,0,0,0,0
10,50,74,74,9.2,6.4,"クサギ",33,33.2,NA,"",20080811,20130913,0,0,0,0,0,0
10,50,75,75,4,8.2,"ヤブデマリ",17.9,16.5,NA,"測定位置1.30取り直し",20080811,20130913,0,0,0,0,0,0
10,50,76,76,1.6,5.6,"サンショウ",39.8,56.7,NA,"",20080811,20130913,0,0,0,0,0,0
0,50,79,79,5.6,9.6,"サンショウ",20.7,NA,NA,"立枯れ",20080811,20130913,0,1,0,0,0,0
0,50,80,80,4.2,5.4,"シラキ",58.1,61.2,NA,"",20080811,20130913,0,0,0,0,0,0
0,50,81,80,4.2,5.4,"シラキ",35,35.6,NA,"",20080811,20130913,0,0,0,0,0,0
0,50,82,82,4.1,9.5,"サワシバ",18.3,20.8,NA,"",20080811,20130913,0,0,0,0,0,0
0,60,83,83,1,1.4,"サワシバ",NA,18.3,"","新規加入幹",NA,20130913,0,0,-1,1,0,0
0,60,84,84,8.2,2,"サワシバ",74.5,84.7,NA,"",20080811,20130913,0,0,0,0,0,0
10,60,85,85,3.4,3,"シラキ",46,34.7,NA,"測定位置1.30取り直し",20080811,20130913,0,0,0,0,0,0
10,60,86,86,4.2,2,"ブナ",81.5,86.5,NA,"",20080811,20130913,0,0,0,0,0,0
10,60,87,87,6.6,0.1,"アワブキ",22.1,25.6,NA,"",20080811,20130913,0,0,0,0,0,0
10,60,88,88,5,9.6,"シラキ",33.8,34.2,NA,"",20080811,20130913,0,0,0,0,0,0
10,60,89,88,5,9.6,"シラキ",23.9,24,NA,"",20080811,20130913,0,0,0,0,0,0
10,60,90,90,2.6,7.8,"ナツツバキ",100,105.2,NA,"測定位置1.30取り直し",20080811,20130913,0,0,0,0,0,0
0,60,91,91,3.8,6.6,"イヌブナ",209,220.5,NA,"",20080811,20130913,0,0,0,0,0,0
0,60,92,91,4,6.6,"イヌブナ",38.8,39.8,NA,"",20080811,20130913,0,0,0,0,0,0
0,60,93,91,4,6.6,"イヌブナ",43.1,48.5,NA,"",20080811,20130913,0,0,0,0,0,0
0,60,94,91,3.6,6.5,"イヌブナ",21.3,23,NA,"",20080811,20130913,0,0,0,0,0,0
0,60,95,91,3.8,6.6,"イヌブナ",19.5,23.8,"測定位置1.20m","測定位置1.20m",20080811,20130913,0,0,0,0,0,0
0,60,13752,91,3.8,6.6,"イヌブナ",NA,21.5,"","新規加入幹",NA,20130913,0,0,-1,1,0,0
0,60,13753,91,3.8,6.6,"イヌブナ",NA,18.1,"","新規加入幹",NA,20130913,0,0,-1,1,0,0
0,60,13754,91,3.8,6.6,"イヌブナ",NA,15.9,"","新規加入幹",NA,20130913,0,0,-1,1,0,0
0,70,96,96,7.4,2.2,"ブナ",168.7,174.1,NA,"",20080811,20130913,0,0,0,0,0,0
10,70,97,97,2.8,2,"サワシバ",44.7,45.3,NA,"",20080811,20130913,0,0,0,0,0,0
10,70,98,98,7.5,3,"コバノトネリコ",46.5,47.3,NA,"",20080811,20130913,0,0,0,0,0,0
10,70,99,99,5.4,5.8,"エンコウカエデ",120.5,122.4,NA,"",20080811,20130913,0,0,0,0,0,0
10,70,100,100,0.1,7.2,"アワブキ",17.5,18.9,NA,"",20080811,20130913,0,0,0,0,0,0
0,70,101,101,8.7,7.2,"アワブキ",20.2,21.7,NA,"",20080811,20130913,0,0,0,0,0,0
0,70,102,101,8.7,7.2,"アワブキ",NA,19.7,"","新規加入幹",NA,20130913,0,0,-1,1,0,0
0,80,103,103,6.2,0,"イヌブナ",121.7,127.9,NA,"幹折れ生存",20080811,20130913,0,0,0,0,0,0
0,80,104,103,6.2,0,"イヌブナ",20.5,21.6,NA,"",20080811,20130913,0,0,0,0,0,0
0,80,105,103,6.3,0,"イヌブナ",23.6,25.7,NA,"",20080811,20130913,0,0,0,0,0,0
0,80,106,103,6.3,0,"イヌブナ",26.9,29.3,NA,"",20080811,20130913,0,0,0,0,0,0
0,80,107,103,5.9,0,"イヌブナ",27.9,31.5,NA,"",20080811,20130913,0,0,0,0,0,0
0,80,108,103,5.8,0,"イヌブナ",27,31.1,"測定位置1.40m","測定位置1.40m",20080811,20130913,0,0,0,0,0,0
0,70,109,109,4.1,8.2,"ブナ",47.9,51.4,NA,"",20080811,20130913,0,0,0,0,0,0
0,80,110,110,0.1,0.1,"アワブキ",26.8,30.6,NA,"",20080811,20130913,0,0,0,0,0,0
0,80,13755,110,0.1,0.3,"アワブキ",NA,16.6,"","新規加入幹",NA,20130913,0,0,-1,1,0,0
0,80,111,111,2.4,3.8,"ブナ",44,47.1,NA,"",20080811,20130913,0,0,0,0,0,0
0,80,112,112,3.5,3.8,"ミズナラ",247.6,253.4,NA,"",20080811,20130913,0,0,0,0,0,0
0,80,113,113,5.3,3.8,"コバノトネリコ",38,39.4,NA,"",20080811,20130913,0,0,0,0,0,0
0,80,114,114,6.5,4.5,"ブナ",96.5,98.8,NA,"",20080811,20130913,0,0,0,0,0,0
10,80,13756,13756,2.4,3,"メグスリノキ",NA,17,"","新規加入幹",NA,20130913,0,0,-1,1,0,0
10,80,13757,13757,5.2,4.1,"コバノトネリコ",NA,20,"","新規加入幹",NA,20130913,0,0,-1,1,0,0
10,80,116,116,7.3,1,"ホオノキ",21.4,NA,"根返っているが生存","根返り",20080811,20130913,0,1,0,0,0,0
10,80,117,117,9.2,5.3,"シラキ",16,16.7,NA,"測定位置1.30取り直し",20080811,20130913,0,0,0,0,0,0
10,80,118,117,9.2,5.3,"シラキ",17.1,17.9,NA,"",20080811,20130913,0,0,0,0,0,0
10,80,119,119,6.4,8.2,"イヌブナ",156.8,162.2,NA,"",20080811,20130913,0,0,0,0,0,0
10,80,120,119,6.5,8.4,"イヌブナ",24.5,25.1,NA,"",20080811,20130913,0,0,0,0,0,0
10,80,121,119,6.6,8.3,"イヌブナ",27.8,30.9,NA,"",20080811,20130913,0,0,0,0,0,0
10,80,122,119,7,7.8,"イヌブナ",20.7,21.2,NA,"ブナハバチ被害",20080811,20130913,0,0,0,0,0,0
10,80,123,119,6.8,7.8,"イヌブナ",51,51.3,NA,"ブナハバチ被害",20080811,20130913,0,0,0,0,0,0
10,80,124,119,6,8,"イヌブナ",40.5,42.9,NA,"",20080811,20130913,0,0,0,0,0,0
10,80,125,119,6.4,8.2,"イヌブナ",18.3,20.6,NA,"",20080811,20130913,0,0,0,0,0,0
10,80,126,119,6.4,8.2,"イヌブナ",16.2,18.9,NA,"",20080811,20130913,0,0,0,0,0,0
10,80,127,127,0.8,6.7,"アワブキ",16.8,17.8,NA,"",20080811,20130913,0,0,0,0,0,0
10,80,128,119,6.4,8.2,"イヌブナ",NA,19.1,"","新規加入幹",NA,20130913,0,0,-1,1,0,0
0,80,129,129,8.6,7.8,"ブナ",28.7,29.6,NA,"ブナハバチ被害",20080811,20130913,0,0,0,0,0,0
0,80,130,130,3,9.9,"イヌブナ",21.5,NA,NA,"立枯れ",20080811,20130913,0,1,0,0,0,0
0,80,131,130,2.6,9.9,"イヌブナ",18.2,18.4,NA,"ブナハバチ被害",20080811,20130913,0,0,0,0,0,0
0,90,133,133,1.2,1.2,"ミズナラ",267.8,273.9,NA,"",20080811,20130913,0,0,0,0,0,0
0,90,134,134,0.8,3,"ブナ",96.2,97.1,NA,"",20080811,20130913,0,0,0,0,0,0
0,90,135,135,5.6,1.9,"ブナ",47.7,58.5,NA,"",20080811,20130913,0,0,0,0,0,0
0,90,136,136,5.4,3.4,"ナツツバキ",113.1,115.7,NA,"",20080811,20130913,0,0,0,0,0,0
10,90,137,137,2,2.8,"イヌブナ",107,NA,NA,"立枯れ",20080811,20130913,0,1,0,0,0,0
10,90,138,137,2.3,2.9,"イヌブナ",43.3,45.5,"deer(生存)","ブナハバチ被害",20080811,20130913,0,0,0,0,0,0
10,90,139,137,1.2,2.4,"イヌブナ",35.9,38.8,NA,"",20080811,20130913,0,0,0,0,0,0
10,90,140,137,1.6,3,"イヌブナ",36.8,36.8,NA,"幹割れ",20080811,20130913,0,0,0,0,0,0
10,90,141,137,1.7,2.7,"イヌブナ",65.2,65.2,NA,"",20080811,20130913,0,0,0,0,0,0
10,90,142,137,2,3.1,"イヌブナ",29.3,30.6,NA,"",20080811,20130913,0,0,0,0,0,0
10,90,143,137,2,2.8,"イヌブナ",24.1,26.8,NA,"",20080811,20130913,0,0,0,0,0,0
10,90,144,137,2,2.8,"イヌブナ",16.8,18.6,NA,"",20080811,20130913,0,0,0,0,0,0
10,90,145,145,6.8,4.4,"コハウチワカエデ",47.9,49.2,NA,"",20080811,20130913,0,0,0,0,0,0
10,90,146,146,7,5.4,"ミズキ",24.6,NA,NA,"立枯れ",20080811,20130913,0,1,0,0,0,0
10,90,147,147,6.2,8.8,"アワブキ",28.4,31.5,NA,"",20080811,20130913,0,0,0,0,0,0
10,90,148,148,1.5,9,"ブナ",88.6,95.4,NA,"",20080811,20130913,0,0,0,0,0,0
0,90,149,149,8.9,9.1,"ブナ",25.5,25.8,NA,"",20080811,20130913,0,0,0,0,0,0
0,90,150,150,8.2,8.2,"ハウチワカエデ",32.7,35.2,NA,"",20080811,20130913,0,0,0,0,0,0
0,90,151,151,6.1,10,"ブナ",51.8,51.3,NA,"",20080811,20130913,0,0,0,0,0,0
0,90,152,152,4,9.6,"ミズナラ",259.3,264,NA,"",20080811,20130913,0,0,0,0,0,0
0,90,153,153,1,9,"エゴノキ",26,29.5,NA,"",20080811,20130913,0,0,0,0,0,0
0,90,154,154,3.6,6.4,"ハウチワカエデ",53.4,54.7,NA,"",20080811,20130913,0,0,0,0,0,0
0,90,155,155,4,5.6,"エゴノキ",47.1,41.8,NA,"測定位置1.30取り直し",20080811,20130913,0,0,0,0,0,0
20,0,201,201,5,3,"サワシバ",51.7,54,NA,"",20080811,20130913,0,0,0,0,0,0
20,0,202,202,9.5,4.7,"オオイタヤメイゲツ",58.4,63.6,NA,"",20080811,20130913,0,0,0,0,0,0
20,0,203,202,9.7,4.7,"オオイタヤメイゲツ",24.4,27.5,NA,"",20080811,20130913,0,0,0,0,0,0
20,0,204,202,9.5,4.6,"オオイタヤメイゲツ",19.5,20.7,NA,"",20080811,20130913,0,0,0,0,0,0
20,0,205,202,9.5,4.6,"オオイタヤメイゲツ",21,21.2,NA,"",20080811,20130913,0,0,0,0,0,0
30,0,206,206,1.5,0,"オオイタヤメイゲツ",99.2,104.8,NA,"",20080811,20130913,0,0,0,0,0,0
30,20,221,221,4.9,0.6,"サンショウ",21.8,21.9,NA,"",20080811,20130913,0,0,0,0,0,0
30,0,207,207,5.9,9,"サワシバ",44.2,53.9,NA,"",20080811,20130913,0,0,0,0,0,0
30,0,208,207,5.6,9,"サワシバ",31.9,34.8,NA,"",20080811,20130913,0,0,0,0,0,0
30,0,13758,13758,3.5,5.4,"シラキ",NA,24.1,"","新規加入幹",NA,20130913,0,0,-1,1,0,0
30,0,209,209,2.5,9.5,"サワシバ",46.3,50.3,NA,"",20080811,20130913,0,0,0,0,0,0
20,0,210,210,8.9,6.7,"クマシデ",55.6,55.6,"先端幹折れ","",20080811,20130913,0,0,0,0,0,0
20,0,211,211,9.8,8.5,"シラキ",16.7,21.4,"つる","",20080811,20130913,0,0,0,0,0,0
20,0,212,212,0.5,5,"サワシバ",61.3,63.3,NA,"",20080811,20130913,0,0,0,0,0,0
20,10,213,213,1,0.1,"サワシバ",53,51.1,"測定位置1.20m","測定位置1.30取り直し、幹割れ",20080811,20130913,0,0,0,0,0,0
20,10,13759,13759,3.9,1.2,"シラキ",NA,16.6,"","新規加入幹",NA,20130913,0,0,-1,1,0,0
20,10,214,214,4.8,1.2,"ウワミズザクラ",25.7,30.8,NA,"",20080811,20130913,0,0,0,0,0,0
30,10,215,215,2.2,1,"コバノトネリコ",31.2,32.5,NA,"",20080811,20130913,0,0,0,0,0,0
30,10,216,216,3.3,3.5,"サワシバ",83.2,84.7,"測定位置1.10m","測定位置1.10m",20080811,20130913,0,0,0,0,0,0
30,10,217,217,7.3,3,"サワシバ",29.7,29.8,NA,"",20080811,20130913,0,0,0,0,0,0
30,10,218,218,2.5,8.4,"ミズキ",77,87.9,NA,"",20080811,20130913,0,0,0,0,0,0
30,10,219,219,3.6,5.1,"シラキ",20.5,20.5,NA,"",20080811,20130913,0,0,0,0,0,0
30,10,220,220,2.4,5.2,"コバノトネリコ",37,37.4,NA,"",20080811,20130913,0,0,0,0,0,0
20,10,222,222,8.2,9.8,"ミズキ",37.8,39,NA,"",20080811,20130913,0,0,0,0,0,0
20,10,223,223,3.8,6.4,"サワシバ",58,58.9,NA,"",20080811,20130913,0,0,0,0,0,0
20,10,224,223,3.9,6.5,"サワシバ",45,46.5,NA,"",20080811,20130913,0,0,0,0,0,0
20,20,225,225,2,5,"ウワミズザクラ",49.2,55.9,NA,"",20080811,20130913,0,0,0,0,0,0
20,20,226,226,3.5,4.2,"キハダ",57.6,64.8,NA,"",20080811,20130913,0,0,0,0,0,0
20,20,227,227,3.9,3.3,"クマシデ",45.7,47.7,NA,"",20080811,20130913,0,0,0,0,0,0
20,20,228,228,7,3.2,"アワブキ",16.6,17.1,NA,"",20080811,20130913,0,0,0,0,0,0
20,20,229,229,7.9,4.5,"コバノトネリコ",31.5,33.5,NA,"測定位置1.30取り直し",20080811,20130913,0,0,0,0,0,0
20,20,230,230,9.9,2.2,"キハダ",63.2,64.5,NA,"",20080811,20130913,0,0,0,0,0,0
30,20,231,231,1.2,0.5,"サワシバ",24,25.8,NA,"",20080811,20130913,0,0,0,0,0,0
30,20,232,232,3.2,2.8,"サワシバ",39.8,45.5,NA,"",20080811,20130913,0,0,0,0,0,0
30,20,233,233,5,2.8,"エンコウカエデ",27.5,28.5,NA,"",20080811,20130913,0,0,0,0,0,0
30,20,234,234,6,1.4,"サワシバ",20.2,20.6,NA,"",20080811,20130913,0,0,0,0,0,0
30,20,235,235,5.2,1.8,"サワシバ",19.5,19.7,NA,"",20080811,20130913,0,0,0,0,0,0
30,20,236,236,7.1,3.5,"エゴノキ",20.7,21.2,NA,"",20080811,20130913,0,0,0,0,0,0
30,20,237,237,7.1,4.9,"ウワミズザクラ",70.7,79.9,NA,"",20080811,20130913,0,0,0,0,0,0
30,20,13763,13763,9.4,9.3,"サワシバ",NA,16,"","新規加入幹",NA,20130913,0,0,-1,1,0,0
30,20,13761,13761,1.2,9.7,"サワシバ",NA,17.1,"","新規加入幹",NA,20130913,0,0,-1,1,0,0
30,20,238,238,4.8,6.8,"ウワミズザクラ",26.5,29.8,NA,"",20080811,20130913,0,0,0,0,0,0
30,20,239,239,2.3,9.7,"サワシバ",15.8,19.1,NA,"",20080811,20130913,0,0,0,0,0,0
20,20,240,240,7.8,6.8,"カジカエデ",99.2,100.3,NA,"",20080811,20130913,0,0,0,0,0,0
20,20,241,240,7.8,6.8,"カジカエデ",44.1,45.4,NA,"",20080811,20130913,0,0,0,0,0,0
20,20,242,240,7.8,6.8,"カジカエデ",18,18.8,NA,"",20080811,20130913,0,0,0,0,0,0
20,30,243,243,3.8,3.9,"サワシバ",85.5,88.7,NA,"",20080811,20130913,0,0,0,0,0,0
20,30,244,244,8.5,4.4,"ウワミズザクラ",83,87.7,NA,"測定位置1.30取り直し",20080811,20130913,0,0,0,0,0,0
30,30,245,245,4.4,2.1,"メグスリノキ",71.2,78.3,NA,"測定位置1.30取り直し",20080811,20130913,0,0,0,0,0,0
30,30,13764,13764,4.4,3.1,"アオハダ",NA,17.1,"","新規加入幹",NA,20130913,0,0,-1,1,0,0
30,30,246,246,5,1.2,"エゴノキ",20,27.6,NA,"",20080811,20130913,0,0,0,0,0,0
30,30,247,247,7.3,3,"ミズキ",18.8,29.9,NA,"",20080811,20130913,0,0,0,0,0,0
30,30,13767,13767,5.8,8.7,"サンショウ",NA,19.6,"","新規加入幹",NA,20130913,0,0,-1,1,0,0
30,30,13768,13768,8,8.9,"コバノトネリコ",NA,19.8,"","新規加入幹",NA,20130913,0,0,-1,1,0,0
30,30,248,248,0.4,8.2,"オオイタヤメイゲツ",22.9,30.2,NA,"",20080811,20130913,0,0,0,0,0,0
30,30,249,249,2.4,8.6,"サンショウ",25,32.9,"上部二また、測定位置0.75m","上部二また、測定位置0.75m",20080811,20130913,0,0,0,0,0,0
30,30,250,250,4.2,6,"サンショウ",24.4,35.1,"測定位置1.20m","測定位置1.20m",20080811,20130913,0,0,0,0,0,0
20,30,251,251,3.8,6.8,"メグスリノキ",62,66,"5mの位置で幹折れ(生存)","5mの位置で幹折れ(生存)",20080811,20130913,0,0,0,0,0,0
20,30,252,252,4.4,9.2,"サワシバ",23.3,36.5,NA,"",20080811,20130913,0,0,0,0,0,0
20,40,13769,13769,0.4,2.2,"サワシバ",NA,17.8,"","新規加入幹",NA,20130913,0,0,-1,1,0,0
20,40,13770,13770,1.6,4.7,"サワシバ",NA,15.9,"","新規加入幹",NA,20130913,0,0,-1,1,0,0
20,40,13771,13771,2.9,4.3,"カジカエデ",NA,17.8,"","新規加入幹",NA,20130913,0,0,-1,1,0,0
20,40,13772,13772,4.5,3.7,"ウワミズザクラ",NA,17.8,"","新規加入幹",NA,20130913,0,0,-1,1,0,0
20,40,253,253,4.5,3.7,"ウワミズザクラ",137.6,NA,"二また　倒木(生存)","根返り",20080811,20130913,0,1,0,0,0,0
20,40,254,253,4.5,3.7,"ウワミズザクラ",20.5,21.6,NA,"二又、倒木、測定位置1.30取り直し",20080811,20130913,0,0,0,0,0,0
30,40,255,255,0,0.2,"カジカエデ",93,95.6,NA,"",20080811,20130913,0,0,0,0,0,0
30,40,256,256,1,3.2,"サワシバ",36.9,46,NA,"",20080811,20130913,0,0,0,0,0,0
30,40,261,261,4.8,4.9,"ミズキ",25.4,27.8,NA,"",20080811,20130913,0,0,0,0,0,0
30,40,257,257,5.1,1.8,"サンショウ",23.3,27.6,NA,"",20080811,20130913,0,0,0,0,0,0
30,40,258,258,5.1,4,"シラキ",20.3,23,NA,"",20080811,20130913,0,0,0,0,0,0
30,40,259,259,5.6,4.2,"サワシバ",20.5,24.5,NA,"",20080811,20130913,0,0,0,0,0,0
30,40,260,260,7.9,3.2,"ミズキ",29.5,44.8,NA,"",20080811,20130913,0,0,0,0,0,0
30,40,13773,13773,8.3,1.4,"コバノトネリコ",NA,18.3,"","新規加入幹",NA,20130913,0,0,-1,1,0,0
30,40,13774,13774,8.7,0,"ムラサキシキブ",NA,15.7,"","新規加入幹",NA,20130913,0,0,-1,1,0,0
30,40,262,262,6.3,6.5,"シラキ",17.8,17.9,NA,"",20080811,20130913,0,0,0,0,0,0
30,40,263,263,5.9,9.5,"ミズキ",33.8,37.1,NA,"",20080811,20130913,0,0,0,0,0,0
30,40,264,264,7.3,8.3,"アワブキ",30.8,32.7,NA,"",20080811,20130913,0,0,0,0,0,0
30,40,265,265,7.9,7.4,"シラキ",18.3,18.4,NA,"",20080811,20130913,0,0,0,0,0,0
30,40,266,266,2,6,"サワシバ",37,40.9,"測定位置1.20m","測定位置1.20m",20080811,20130913,0,0,0,0,0,0
30,40,267,267,3.1,8.5,"シラキ",22.5,23.5,NA,"",20080811,20130913,0,0,0,0,0,0
30,40,268,268,4.7,8,"ムラサキシキブ",17.1,19.1,NA,"測定位置1.30取り直し",20080811,20130913,0,0,0,0,0,0
30,40,269,269,4.9,6,"ミズキ",36,46.4,NA,"",20080811,20130913,0,0,0,0,0,0
20,40,270,270,7.6,5.9,"ムラサキシキブ",17.8,18,NA,"",20080811,20130913,0,0,0,0,0,0
20,40,13776,270,7.6,6.1,"ムラサキシキブ",NA,17.7,"","新規加入幹",NA,20130913,0,0,-1,1,0,0
20,40,271,271,7.2,6.9,"エンコウカエデ",91.1,104.1,"測定位置1.20m","測定位置1.20m",20080811,20130913,0,0,0,0,0,0
20,40,272,272,6.8,9,"シラキ",16.8,17,NA,"",20080811,20130913,0,0,0,0,0,0
20,40,273,273,7.4,7.1,"クマシデ",24.5,26.8,NA,"",20080811,20130913,0,0,0,0,0,0
20,40,274,274,8.5,6.1,"クマシデ",21,24.9,NA,"",20080811,20130913,0,0,0,0,0,0
20,40,13775,13775,9.2,6.5,"シラキ",NA,16.8,"","先枯れ、新規加入幹",NA,20130913,0,0,-1,1,0,0
20,40,275,275,2.5,8.5,"シラキ",43.3,47.4,"測定位置1.20m","測定位置1.20m",20080811,20130913,0,0,0,0,0,0
20,40,276,276,4,7.1,"シラキ",24.5,35,"倒木(生存)","倒木生存",20080811,20130913,0,0,0,0,0,0
20,50,277,277,1.2,0.4,"エゴノキ",15.9,18.6,NA,"",20080811,20130913,0,0,0,0,0,0
20,50,278,278,3.2,4.8,"メグスリノキ",27.1,30.4,NA,"",20080811,20130913,0,0,0,0,0,0
20,50,279,279,5.1,0.9,"サワシバ",25,29.3,NA,"",20080811,20130913,0,0,0,0,0,0
20,50,280,280,8.8,0.8,"サワシバ",19.1,20.4,NA,"",20080811,20130913,0,0,0,0,0,0
20,50,281,281,9.2,0.4,"ミズキ",31.5,38.7,NA,"",20080811,20130913,0,0,0,0,0,0
30,50,282,282,2.3,0.4,"シラキ",16.5,16.9,NA,"",20080811,20130913,0,0,0,0,0,0
30,50,13778,13778,7.3,1.1,"シラキ",NA,16.3,"","新規加入幹",NA,20130913,0,0,-1,1,0,0
30,50,283,283,7.5,4.7,"シラキ",18.6,18.7,NA,"",20080811,20130913,0,0,0,0,0,0
30,50,284,284,9.2,5.1,"ブナ",125.5,127.6,NA,"",20080811,20130913,0,0,0,0,0,0
30,50,13779,13779,9.9,7.4,"ナツツバキ",NA,16.8,"","新規加入幹",NA,20130913,0,0,-1,1,0,0
30,50,13780,13780,1.5,6.3,"エゴノキ",NA,18.2,"","新規加入幹",NA,20130913,0,0,-1,1,0,0
30,50,285,285,4.5,7.3,"ブナ",238.8,239.6,NA,"",20080811,20130913,0,0,0,0,0,0
20,50,286,286,6.1,5.9,"メグスリノキ",45.2,46.1,NA,"",20080811,20130913,0,0,0,0,0,0
20,50,287,287,0.5,7,"カスミザクラ",33.7,38.7,NA,"",20080811,20130913,0,0,0,0,0,0
20,50,288,288,3.8,8.4,"サワシバ",29.2,29.5,NA,"",20080811,20130913,0,0,0,0,0,0
20,50,289,289,4.7,8.1,"ハリギリ",45.8,50.1,NA,"",20080811,20130913,0,0,0,0,0,0
20,50,290,290,4.5,6,"ミズキ",40.3,48.2,NA,"",20080811,20130913,0,0,0,0,0,0
20,60,291,291,0.8,0.8,"アワブキ",17,18.4,NA,"",20080812,20130913,0,0,0,0,0,0
20,60,13698,13698,1.1,4.8,"アワブキ",NA,17.2,"","新規加入幹",NA,20130913,0,0,-1,1,0,0
20,60,292,292,4,3,"ブナ",87.2,89.8,NA,"",20080812,20130913,0,0,0,0,0,0
20,60,294,294,8,2,"アワブキ",35.7,36.5,NA,"",20080812,20130913,0,0,0,0,0,0
20,60,295,294,7.7,2.3,"アワブキ",22,22.5,NA,"",20080812,20130913,0,0,0,0,0,0
30,60,296,296,3,1,"イヌブナ",158.7,169.8,NA,"ブナハバチ被害",20080812,20130913,0,0,0,0,0,0
30,60,13695,13695,4.3,1,"イヌブナ",NA,19.9,"","新規加入幹",NA,20130913,0,0,-1,1,0,0
30,60,297,296,3,1.5,"イヌブナ",119.3,123.4,NA,"ブナハバチ被害",20080812,20130913,0,0,0,0,0,0
30,60,298,296,3.5,1.3,"イヌブナ",41.8,45.8,NA,"ブナハバチ被害",20080812,20130913,0,0,0,0,0,0
30,60,299,299,3.8,0,"アワブキ",22.5,23.8,NA,"",20080812,20130913,0,0,0,0,0,0
30,60,300,299,3.8,0,"アワブキ",15.7,19.1,NA,"",20080812,20130913,0,0,0,0,0,0
30,60,301,301,6,5,"ブナ",171.1,171.3,NA,"ブナハバチ被害",20080812,20130913,0,0,0,0,0,0
30,60,302,302,8,1,"ブナ",192.3,197.2,NA,"ブナハバチ被害",20080812,20130913,0,0,0,0,0,0
30,60,303,303,6,8,"ブナ",66.5,67.5,NA,"先枯れ",20080812,20130913,0,0,0,0,0,0
30,60,304,304,6.3,5.7,"エゴノキ",16.1,17.2,NA,"",20080812,20130913,0,0,0,0,0,0
30,60,305,305,0,8,"アワブキ",22,24.6,NA,"",20080812,20130913,0,0,0,0,0,0
30,60,306,306,4,8,"シラキ",27,29.7,NA,"",20080812,20130913,0,0,0,0,0,0
20,60,293,293,8,5,"シラキ",36,37.3,NA,"",20080812,20130913,0,0,0,0,0,0
20,60,13696,293,8,5,"シラキ",NA,16,"","新規加入幹",NA,20130913,0,0,-1,1,0,0
20,70,307,307,6.3,1.1,"ブナ",104.4,107.1,NA,"",20080812,20130913,0,0,0,0,0,0
30,70,308,308,9,4,"アワブキ",47.9,48.9,NA,"",20080812,20130913,0,0,0,0,0,0
30,70,309,308,9.4,3.8,"アワブキ",31.7,32.1,NA,"",20080812,20130913,0,0,0,0,0,0
30,70,310,308,9.3,3.5,"アワブキ",16.4,16.4,NA,"",20080812,20130913,0,0,0,0,0,0
30,70,311,311,5,7.3,"ブナ",166.5,170.2,NA,"ブナハバチ被害",20080812,20130913,0,0,0,0,0,0
40,70,312,312,0,9,"ブナ",176.2,180.4,NA,"ブナハバチ被害",20080812,20130913,0,0,0,0,0,0
30,70,313,313,0.5,7.1,"イヌブナ",179.1,186.1,NA,"ブナハバチ被害",20080812,20130913,0,0,0,0,0,0
30,70,314,313,0.5,6.9,"イヌブナ",34.5,39.6,NA,"ブナハバチ被害",20080812,20130913,0,0,0,0,0,0
30,70,315,313,0.3,7,"イヌブナ",39.8,43.8,NA,"ブナハバチ被害",20080812,20130913,0,0,0,0,0,0
30,70,316,313,0.2,7,"イヌブナ",33.9,36.4,NA,"ブナハバチ被害",20080812,20130913,0,0,0,0,0,0
30,70,317,317,0,7.8,"コハウチワカエデ",19.3,19.5,NA,"",20080812,20130913,0,0,0,0,0,0
30,70,318,318,4.5,6.7,"リョウブ",18.7,18.9,NA,"",20080812,20130913,0,0,0,0,0,0
30,70,319,319,4.2,6.3,"コハウチワカエデ",28.6,29.4,NA,"",20080812,20130913,0,0,0,0,0,0
20,70,320,320,7.9,5,"アワブキ",17.9,19.7,NA,"",20080812,20130913,0,0,0,0,0,0
20,70,321,321,2,7.5,"コバノトネリコ",33.5,35.3,NA,"",20080812,20130913,0,0,0,0,0,0
20,80,322,322,2.8,2.2,"アワブキ",31.9,31.9,NA,"",20080812,20130913,0,0,0,0,0,0
20,80,323,322,3.2,1.6,"アワブキ",35.9,37.1,NA,"",20080812,20130913,0,0,0,0,0,0
20,80,324,322,2.3,2.4,"アワブキ",15.8,NA,NA,"立枯れ",20080812,20130913,0,1,0,0,0,0
20,80,325,325,4.3,4,"ブナ",44.8,45.4,NA,"",20080812,20130913,0,0,0,0,0,0
30,80,326,326,0,4,"ヤマボウシ",44,44.1,NA,"",20080812,20130913,0,0,0,0,0,0
30,80,327,327,1,2,"シラキ",22,22.2,NA,"",20080812,20130913,0,0,0,0,0,0
30,80,328,328,6.4,2.4,"クマシデ",31.4,32,NA,"",20080812,20130913,0,0,0,0,0,0
30,80,329,329,9,9.7,"ブナ",208.5,210.2,NA,"",20080812,20130913,0,0,0,0,0,0
20,80,330,330,9.9,9.8,"サワシバ",24.4,26,NA,"",20080812,20130913,0,0,0,0,0,0
20,80,331,331,9.2,5.8,"ブナ",72.3,72.9,NA,"",20080812,20130913,0,0,0,0,0,0
20,80,332,332,4.8,9.8,"アワブキ",35.3,36,NA,"",20080812,20130913,0,0,0,0,0,0
20,80,333,332,4.4,9.9,"アワブキ",25.5,25.7,NA,"",20080812,20130913,0,0,0,0,0,0
20,90,334,334,1.2,0.4,"コバノトネリコ",32.1,33.8,NA,"",20080812,20130913,0,0,0,0,0,0
20,90,335,335,5.6,4.6,"イヌブナ",96.1,98.9,"測定位置1.70m","測定位置1.70m、ブナハバチ被害",20080812,20130913,0,0,0,0,0,0
20,90,336,335,5.8,4.6,"イヌブナ",20.2,21,NA,"",20080812,20130913,0,0,0,0,0,0
20,90,337,335,6,4.4,"イヌブナ",96,97.8,NA,"",20080812,20130913,0,0,0,0,0,0
20,90,338,335,6.2,4.2,"イヌブナ",32.3,32.6,NA,"ブナハバチ被害、こぶ有り",20080812,20130913,0,0,0,0,0,0
20,90,339,335,6.2,4,"イヌブナ",79.4,80.9,NA,"ブナハバチ被害",20080812,20130913,0,0,0,0,0,0
20,90,340,335,6.1,3.7,"イヌブナ",21.9,23.4,NA,"ブナハバチ被害",20080812,20130913,0,0,0,0,0,0
20,90,341,335,6,4,"イヌブナ",28,29.3,NA,"ブナハバチ被害",20080812,20130913,0,0,0,0,0,0
20,90,342,335,5.6,3.8,"イヌブナ",147.1,150.7,NA,"ブナハバチ被害、幹割れ",20080812,20130913,0,0,0,0,0,0
20,90,343,335,5.4,4,"イヌブナ",62.1,64.5,NA,"ブナハバチ被害",20080812,20130913,0,0,0,0,0,0
20,90,344,335,5.4,4.4,"イヌブナ",34.5,NA,NA,"立枯れ",20080812,20130913,0,1,0,0,0,0
20,90,345,335,5.4,4.6,"イヌブナ",22.2,NA,NA,"立枯れ",20080812,20130913,0,1,0,0,0,0
20,90,346,335,5.4,4.7,"イヌブナ",24.9,NA,NA,"立枯れ",20080812,20130913,0,1,0,0,0,0
20,90,347,335,5.6,3.6,"イヌブナ",26.7,27.8,NA,"ブナハバチ被害",20080812,20130913,0,0,0,0,0,0
20,90,348,335,5.3,4.1,"イヌブナ",115,116.3,NA,"ブナハバチ被害",20080812,20130913,0,0,0,0,0,0
30,90,349,349,8.5,9.5,"ヒトツバカエデ",20.3,21.3,NA,"こぶ有り",20080812,20130913,0,0,0,0,0,0
30,90,350,350,7.2,5.6,"コバノトネリコ",40.8,42,NA,"",20080812,20130913,0,0,0,0,0,0
30,90,351,350,7.4,5.5,"コバノトネリコ",21.8,22.4,NA,"",20080812,20130913,0,0,0,0,0,0
30,90,352,352,4.2,9.8,"ナツツバキ",34,34.1,NA,"",20080812,20130913,0,0,0,0,0,0
20,90,353,353,5.8,9.4,"ヒナウチワカエデ",20.6,22.1,NA,"",20080812,20130913,0,0,0,0,0,0
40,0,401,401,5.4,2,"サワシバ",37.6,38.1,NA,"",20080811,20130913,0,0,0,0,0,0
40,0,402,402,7.5,5,"サワシバ",71.9,71.9,NA,"",20080811,20130913,0,0,0,0,0,0
40,0,403,402,7.4,5.2,"サワシバ",22.6,22.8,NA,"",20080811,20130913,0,0,0,0,0,0
50,0,404,404,6.6,8,"イヌブナ",179.2,183,NA,"",20080811,20130913,0,0,0,0,0,0
50,0,405,404,6.9,7.8,"イヌブナ",35.7,36.5,NA,"",20080811,20130913,0,0,0,0,0,0
50,0,406,404,6.8,7.5,"イヌブナ",18,18,NA,"幹折れ生存",20080811,20130913,0,0,0,0,0,0
50,0,407,404,6.5,7.5,"イヌブナ",59.8,60.4,NA,"",20080811,20130913,0,0,0,0,0,0
50,0,13781,404,6.5,7.5,"イヌブナ",NA,16.9,"","新規加入幹",NA,20130913,0,0,-1,1,0,0
50,0,408,404,6.4,8,"イヌブナ",24.5,26,NA,"",20080811,20130913,0,0,0,0,0,0
50,0,409,404,6.2,7.9,"イヌブナ",25,26.7,NA,"",20080811,20130913,0,0,0,0,0,0
50,0,410,410,8.2,9.8,"ブナ",28.6,28.7,NA,"",20080811,20130913,0,0,0,0,0,0
40,0,411,411,9.6,8.6,"コバノトネリコ",19.9,20,NA,"",20080811,20130913,0,0,0,0,0,0
40,0,412,412,9.5,8.6,"ブナ",97.4,101.3,NA,"ブナ→コバノトネリコ",20080811,20130913,0,0,0,0,0,0
40,0,413,413,1,8.8,"サワシバ",142.1,99.8,"幹割れ、測定位置1.60にするとGBH=97.0","測定位置1.60　幹折れ生存、サワシバ→シラキ　",20080811,20130913,0,0,0,0,0,0
40,10,414,414,1.2,1.3,"イヌブナ",26.3,30.8,NA,"",20080811,20130913,0,0,0,0,0,0
40,10,415,415,1.2,4.5,"イヌブナ",104.9,118.7,NA,"",20080811,20130913,0,0,0,0,0,0
40,10,13782,415,1.2,4.5,"イヌブナ",NA,17.2,"","新規加入幹",NA,20130913,0,0,-1,1,0,0
40,10,416,415,1.3,4.5,"イヌブナ",22.5,24.6,NA,"",20080811,20130913,0,0,0,0,0,0
40,10,417,415,1.1,4.5,"イヌブナ",32.1,33,NA,"",20080811,20130913,0,0,0,0,0,0
40,10,418,418,1.1,4.4,"アワブキ",25.5,24.9,NA,"",20080811,20130913,0,0,0,0,0,0
40,10,419,418,0.9,4.4,"アワブキ",23,23,NA,"",20080811,20130913,0,0,0,0,0,0
40,10,420,418,0.9,4.4,"アワブキ",20.3,20.3,NA,"",20080811,20130913,0,0,0,0,0,0
40,10,421,415,1.2,4.5,"イヌブナ",NA,17.5,"","新規加入幹",NA,20130913,0,0,-1,1,0,0
40,10,422,422,3.5,4.7,"コバノトネリコ",32.2,32.3,NA,"先枯れ",20080811,20130913,0,0,0,0,0,0
40,10,423,423,4,1.2,"サワシバ",63.3,64,NA,"",20080811,20130913,0,0,0,0,0,0
40,10,424,424,8,4,"イヌブナ",35.1,35.8,NA,"",20080811,20130913,0,0,0,0,0,0
40,10,426,424,8,4,"イヌブナ",23.9,24.4,NA,"",20080811,20130913,0,0,0,0,0,0
50,10,427,427,0.2,2,"ミズキ",72,83.5,NA,"",20080811,20130913,0,0,0,0,0,0
50,10,428,428,7,5.9,"アワブキ",26.3,NA,NA,"幹折れ",20080811,20130913,0,1,0,0,0,0
50,10,429,428,7.2,5.6,"アワブキ",24.2,NA,NA,"立枯れ",20080811,20130913,0,1,0,0,0,0
50,10,430,428,7,5.6,"アワブキ",27.4,27.6,NA,"先枯れ",20080811,20130913,0,0,0,0,0,0
50,10,431,431,3.5,6,"コバノトネリコ",83.3,85.5,NA,"",20080811,20130913,0,0,0,0,0,0
50,10,432,431,3.5,6.2,"コバノトネリコ",32.3,33.1,NA,"",20080811,20130913,0,0,0,0,0,0
50,10,433,433,0.6,6.8,"ウワミズザクラ",131.2,131.7,NA,"",20080811,20130913,0,0,0,0,0,0
40,10,434,434,9,7,"エゴノキ",48.4,48.9,NA,"",20080811,20130913,0,0,0,0,0,0
40,10,436,436,8.6,5.8,"オオモミジ",16.4,17.4,NA,"",20080811,20130913,0,0,0,0,0,0
40,10,437,437,6,7,"コバノトネリコ",31.8,33.2,NA,"",20080811,20130913,0,0,0,0,0,0
40,10,438,437,6,7,"コバノトネリコ",17.3,17.4,NA,"",20080811,20130913,0,0,0,0,0,0
40,10,439,439,0.6,6.8,"サワシバ",30.8,30.8,NA,"",20080811,20130913,0,0,0,0,0,0
40,20,440,440,0.2,4,"コバノトネリコ",21,21.3,NA,"",20080811,20130913,0,0,0,0,0,0
40,20,441,441,6,4,"イヌブナ",124.2,130.8,NA,"",20080811,20130913,0,0,0,0,0,0
40,20,442,441,6.3,4,"イヌブナ",42,42.4,NA,"",20080811,20130913,0,0,0,0,0,0
40,20,443,441,6,3.5,"イヌブナ",122.7,131.3,NA,"",20080811,20130913,0,0,0,0,0,0
40,20,444,441,6,3.5,"イヌブナ",51.3,58.4,NA,"",20080811,20130913,0,0,0,0,0,0
40,20,445,441,5.8,3.2,"イヌブナ",92,100.8,NA,"",20080811,20130913,0,0,0,0,0,0
40,20,446,441,5.4,3.2,"イヌブナ",177.9,180.5,NA,"",20080811,20130913,0,0,0,0,0,0
40,20,447,441,6,5,"イヌブナ",22.8,30,NA,"",20080811,20130913,0,0,0,0,0,0
50,20,448,448,4,4,"イヌブナ",120.7,122,NA,"",20080811,20130913,0,0,0,0,0,0
50,20,449,448,4.3,3.2,"イヌブナ",19.5,22.3,NA,"",20080811,20130913,0,0,0,0,0,0
50,20,450,448,4,3.6,"イヌブナ",38.8,40.8,NA,"",20080811,20130913,0,0,0,0,0,0
50,20,451,448,4,3.6,"イヌブナ",25,26.5,NA,"",20080811,20130913,0,0,0,0,0,0
50,20,452,448,3.7,4.3,"イヌブナ",25.1,26.2,NA,"",20080811,20130913,0,0,0,0,0,0
50,20,453,453,7,0.5,"コバノトネリコ",17.1,17.2,NA,"",20080811,20130913,0,0,0,0,0,0
50,20,454,454,8,5.8,"シラキ",21.1,22.2,NA,"",20080811,20130913,0,0,0,0,0,0
40,20,13785,13785,9.7,7.4,"リョウブ",NA,16.5,"","新規加入幹",NA,20130913,0,0,-1,1,0,0
40,20,455,455,1.8,9.5,"エンコウカエデ",52.2,56.9,NA,"",20080811,20130913,0,0,0,0,0,0
40,30,456,456,1,1.5,"シラキ",NA,18.6,"","新規加入幹",NA,20130913,0,0,-1,1,0,0
40,30,457,457,4,4.9,"エゴノキ",19.4,28.8,NA,"",20080811,20130913,0,0,0,0,0,0
40,30,458,458,9.8,3,"クマシデ",64.4,67.4,NA,"",20080811,20130913,0,0,0,0,0,0
40,30,459,459,8.5,4.5,"リョウブ",20,23.9,NA,"",20080811,20130913,0,0,0,0,0,0
50,30,460,460,1,2,"ブナ",171.7,175,NA,"",20080811,20130913,0,0,0,0,0,0
50,30,461,461,3,2.5,"ブナ",170,170,NA,"",20080811,20130913,0,0,0,0,0,0
50,30,462,462,3,0.4,"ブナ",114.1,115.1,NA,"",20080811,20130913,0,0,0,0,0,0
50,30,463,463,3.5,1,"シラキ",24.2,27.2,NA,"",20080811,20130913,0,0,0,0,0,0
50,30,464,464,6.8,3.8,"ブナ",195,197.1,NA,"",20080811,20130913,0,0,0,0,0,0
50,30,465,465,6,9.8,"イヌブナ",19.9,20.4,NA,"",20080811,20130913,0,0,0,0,0,0
50,30,466,465,6,9.8,"イヌブナ",18.8,19.1,NA,"幹折れ生存",20080811,20130913,0,0,0,0,0,0
50,30,13788,465,6.1,9.7,"イヌブナ",NA,16.8,"","新規加入幹",NA,20130913,0,0,-1,1,0,0
50,30,467,467,3.5,6.5,"シラキ",17,21.8,NA,"",20080811,20130913,0,0,0,0,0,0
50,30,468,468,1.5,7,"ブナ",167,170,NA,"",20080811,20130913,0,0,0,0,0,0
40,30,469,469,7.1,6.5,"シラキ",NA,17.8,"","新規加入幹",NA,20130913,0,0,-1,1,0,0
40,30,470,470,6.4,7.5,"シラキ",20.1,23,NA,"",20080811,20130913,0,0,0,0,0,0
40,30,471,471,5.7,8.4,"シラキ",21.2,26.7,NA,"",20080811,20130913,0,0,0,0,0,0
50,30,472,472,0,9.6,"シラキ",19.3,21.8,NA,"幹折れ生存",20080811,20130913,0,0,0,0,0,0
50,30,473,472,0,9.6,"シラキ",NA,16.6,"","新規加入幹",NA,20130913,0,0,-1,1,0,0
50,30,474,472,0,9.6,"シラキ",16.1,17.3,NA,"",20080811,20130913,0,0,0,0,0,0
40,30,475,475,1.5,8.5,"サンショウ",22.9,NA,NA,"立枯れ",20080811,20130913,0,1,0,0,0,0
40,30,476,476,0,5.2,"サワシバ",17.1,24.9,NA,"",20080811,20130913,0,0,0,0,0,0
40,40,477,477,2.5,3.8,"サワシバ",36,40.7,NA,"",20080811,20130913,0,0,0,0,0,0
40,40,478,477,2.5,3.8,"サワシバ",32.1,33.5,NA,"",20080811,20130913,0,0,0,0,0,0
40,40,479,479,3,2.2,"ブナ",56.1,60,NA,"",20080811,20130913,0,0,0,0,0,0
40,40,481,481,7,1,"イヌブナ",17,18.5,NA,"",20080811,20130913,0,0,0,0,0,0
40,40,482,482,9,4,"エンコウカエデ",27.7,32.5,NA,"",20080811,20130913,0,0,0,0,0,0
40,40,13786,13786,6.1,4,"シラキ",NA,19.3,"","新規加入幹",NA,20130913,0,0,-1,1,0,0
50,40,483,483,6.5,6.5,"ブナ",166.3,168.3,NA,"",20080811,20130913,0,0,0,0,0,0
50,40,484,484,8,9.5,"ブナ",37.9,38.1,NA,"",20080811,20130913,0,0,0,0,0,0
50,40,485,485,4,9,"ブナ",147.7,147.9,NA,"",20080811,20130913,0,0,0,0,0,0
50,40,486,486,4.4,9,"アワブキ",22.2,25.5,NA,"",20080811,20130913,0,0,0,0,0,0
50,40,487,487,3.9,5.5,"アワブキ",21.1,26,NA,"",20080811,20130913,0,0,0,0,0,0
40,40,13789,13789,7,6.1,"シラキ",NA,17.2,"","新規加入幹",NA,20130913,0,0,-1,1,0,0
40,40,488,488,6.4,7.2,"ブナ",100,101.2,NA,"",20080811,20130913,0,0,0,0,0,0
40,40,489,489,4,8.5,"ブナ",192.4,NA,NA,"立枯れ",20080811,20130913,0,1,0,0,0,0
40,50,490,490,0,1,"イヌブナ",106.1,111.2,"測定位置2.20m","測定位置2.20m",20080811,20130913,0,0,0,0,0,0
40,50,491,490,0.3,1,"イヌブナ",35.7,36.5,"測定位置2.20m","測定位置2.20m",20080811,20130913,0,0,0,0,0,0
40,50,492,490,1.5,1.2,"イヌブナ",63.4,NA,NA,"立枯れ",20080811,20130913,0,1,0,0,0,0
40,50,493,490,1.2,1,"イヌブナ",25.9,26.6,NA,"",20080811,20130913,0,0,0,0,0,0
40,50,494,490,0,1.2,"イヌブナ",34.3,40.6,NA,"",20080811,20130913,0,0,0,0,0,0
40,50,495,490,0.2,1.2,"イヌブナ",31.5,37.4,NA,"",20080811,20130913,0,0,0,0,0,0
40,50,496,490,0.2,1.2,"イヌブナ",28.8,36.4,NA,"",20080811,20130913,0,0,0,0,0,0
40,50,497,490,0.3,1,"イヌブナ",16.3,21.3,NA,"",20080811,20130913,0,0,0,0,0,0
40,50,498,490,0.3,1,"イヌブナ",24.2,27.1,NA,"",20080811,20130913,0,0,0,0,0,0
40,50,500,500,5,4.4,"アワブキ",17.7,19.6,NA,"",20080811,20130913,0,0,0,0,0,0
40,50,13793,13793,8.5,3,"シラキ",NA,17.5,"","新規加入幹",NA,20130913,0,0,-1,1,0,0
50,50,501,501,2.4,2.1,"シラキ",15.8,18.8,NA,"",20080811,20130913,0,0,0,0,0,0
50,50,13790,501,2.4,2.1,"シラキ",NA,16,"","新規加入幹",NA,20130913,0,0,-1,1,0,0
50,50,502,502,4.2,4.5,"アワブキ",19.6,22.1,NA,"",20080811,20130913,0,0,0,0,0,0
50,50,13791,13791,6.5,0.8,"アワブキ",NA,16,"","新規加入幹",NA,20130913,0,0,-1,1,0,0
50,50,503,503,8.1,7,"ウリハダカエデ",18.4,22.9,NA,"",20080811,20130913,0,0,0,0,0,0
50,50,508,508,9.9,9.9,"ナツツバキ",16,16.3,NA,"（50,70）（4.9,0.6）に座標変更",20080811,20130913,0,0,0,0,0,0
50,50,13792,13792,10,7,"アカシデ",NA,16.9,"","新規加入幹",NA,20130913,0,0,-1,1,0,0
50,50,504,504,3.5,6.4,"コバノトネリコ",31,32.5,NA,"",20080811,20130913,0,0,0,0,0,0
50,50,505,505,1.6,6,"アワブキ",17.3,19.2,NA,"",20080811,20130913,0,0,0,0,0,0
50,60,506,506,4.8,0,"コバノトネリコ",18.6,18.2,NA,"",20080811,20130913,0,0,0,0,0,0
50,60,507,506,4.8,0,"コバノトネリコ",15.9,16.1,NA,"",20080811,20130913,0,0,0,0,0,0
40,50,13794,13794,8.7,5.6,"ハクウンボク",NA,16.6,"","新規加入幹",NA,20130913,0,0,-1,1,0,0
40,50,509,509,8.2,9,"ブナ",218.7,226.2,NA,"",20080811,20130913,0,0,0,0,0,0
40,50,510,510,9.5,8.5,"シラキ",16.8,16.9,NA,"",20080811,20130913,0,0,0,0,0,0
40,50,511,511,8,8,"コバノトネリコ",30,32.9,NA,"",20080811,20130913,0,0,0,0,0,0
40,50,512,512,7.5,7,"アワブキ",36.8,40.9,NA,"",20080811,20130913,0,0,0,0,0,0
40,50,13795,13795,3.4,6.8,"ハウチワカエデ",NA,16,"","新規加入幹",NA,20130913,0,0,-1,1,0,0
40,60,513,513,0.5,0.5,"ミズナラ",194.3,196.5,NA,"",20080811,20130913,0,0,0,0,0,0
40,60,514,514,1.5,4.5,"アワブキ",33.7,32.5,NA,"",20080811,20130913,0,0,0,0,0,0
40,60,515,514,1.2,4.2,"アワブキ",26.5,26.9,NA,"",20080811,20130913,0,0,0,0,0,0
40,60,516,516,8.5,2.5,"アワブキ",21.3,22.5,NA,"",20080811,20130913,0,0,0,0,0,0
40,60,517,517,7,0.5,"リョウブ",16.2,18.1,NA,"",20080811,20130913,0,0,0,0,0,0
50,60,518,518,1.5,2,"ハウチワカエデ",29.5,31.7,NA,"",20080811,20130913,0,0,0,0,0,0
50,60,519,519,4.8,3.5,"コバノトネリコ",42.1,43.6,NA,"",20080811,20130913,0,0,0,0,0,0
50,60,520,519,4.8,3.5,"コバノトネリコ",18.9,19.5,NA,"",20080811,20130913,0,0,0,0,0,0
50,60,521,521,7,0,"ミズキ",19.7,20.6,NA,"",20080811,20130913,0,0,0,0,0,0
50,60,522,522,9,2,"ブナ",22.4,22.5,NA,"",20080811,20130913,0,0,0,0,0,0
50,60,523,523,7,4.6,"ブナ",160.9,163.7,NA,"",20080811,20130913,0,0,0,0,0,0
50,60,524,524,5,5.5,"シロヤシオ",17.2,17.8,NA,"",20080811,20130913,0,0,0,0,0,0
50,60,525,525,5.4,6,"ヒナウチワカエデ",41.3,43.9,NA,"",20080811,20130913,0,0,0,0,0,0
50,60,526,526,6.5,9.6,"ブナ",33.9,33.5,NA,"",20080811,20130913,0,0,0,0,0,0
50,60,527,527,8.5,6,"シロヤシオ",30.7,32.3,NA,"",20080811,20130913,0,0,0,0,0,0
40,60,528,528,9.5,9,"ナツツバキ",50.6,52.1,NA,"",20080811,20130913,0,0,0,0,0,0
40,60,529,529,8.5,9,"オオイタヤメイゲツ",31.9,32.5,NA,"",20080811,20130913,0,0,0,0,0,0
40,60,530,530,6,7,"アワブキ",40.9,41.7,NA,"",20080811,20130913,0,0,0,0,0,0
40,60,531,530,6,7,"アワブキ",32,33,NA,"",20080811,20130913,0,0,0,0,0,0
40,70,532,532,4.8,2.5,"ブナ",43.3,43.5,NA,"",20080811,20130913,0,0,0,0,0,0
40,70,533,533,4.8,1,"ハウチワカエデ",24.5,26.2,NA,"",20080811,20130913,0,0,0,0,0,0
40,70,534,534,3.8,0.5,"ヤマボウシ",44.5,45.6,NA,"",20080811,20130913,0,0,0,0,0,0
40,70,535,535,2.5,2.5,"ハクウンボク",48.2,51.2,NA,"",20080811,20130913,0,0,0,0,0,0
40,70,536,536,5.8,3.8,"ナツツバキ",27,27.7,NA,"",20080811,20130913,0,0,0,0,0,0
40,70,537,537,7.5,5,"アズキナシ",36.9,37.8,NA,"",20080811,20130913,0,0,0,0,0,0
40,70,538,538,8.5,4,"アカヤシオ",19.5,NA,NA,"立枯れ",20080811,20130913,0,1,0,0,0,0
40,70,539,539,9,4,"シロヤシオ",23.9,25,NA,"",20080811,20130913,0,0,0,0,0,0
50,70,540,540,0,2.5,"ミズナラ",263,263,NA,"",20080811,20130913,0,0,0,0,0,0
40,70,542,542,9.4,3.2,"シロヤシオ",16.3,16.6,NA,"",20080811,20130913,0,0,0,0,0,0
50,70,541,541,0.2,4,"シロヤシオ",16.7,16.8,NA,"",20080811,20130913,0,0,0,0,0,0
50,70,543,543,3.2,4,"ブナ",160.7,167.3,NA,"ブナハバチ被害",20080811,20130913,0,0,0,0,0,0
50,70,544,544,4.8,2,"コバノトネリコ",15.8,16.6,NA,"",20080811,20130913,0,0,0,0,0,0
50,70,545,545,7.5,5,"ナツツバキ",89.7,92,NA,"",20080811,20130913,0,0,0,0,0,0
50,70,547,547,8.4,9.2,"ミズナラ",202,202.7,NA,"",20080811,20130913,0,0,0,0,0,0
50,70,548,548,2,8.5,"シロヤシオ",40.7,41.4,NA,"",20080811,20130913,0,0,0,0,0,0
40,70,549,549,7.8,6.2,"シロヤシオ",25.5,26.6,NA,"",20080811,20130913,0,0,0,0,0,0
40,70,550,550,7.4,9.2,"シロヤシオ",19.9,21.1,NA,"",20080811,20130913,0,0,0,0,0,0
40,70,551,551,5.2,9.4,"シロヤシオ",23.8,25.5,NA,"",20080811,20130913,0,0,0,0,0,0
40,70,552,552,3.1,9.1,"ミズキ",31.2,33,NA,"",20080811,20130913,0,0,0,0,0,0
40,70,553,553,3.3,6.1,"シラキ",43.6,46,NA,"",20080811,20130913,0,0,0,0,0,0
40,80,554,554,0,1.5,"ブナ",158.2,161.3,NA,"",20080811,20130913,0,0,0,0,0,0
40,80,555,555,4,2,"シロヤシオ",31.3,33,"測定位置1.40m","",20080811,20130913,0,0,0,0,0,0
40,80,556,555,4,2,"シロヤシオ",25.3,26.2,"測定位置1.40m","",20080811,20130913,0,0,0,0,0,0
40,80,557,557,5.5,4,"シロヤシオ",22.9,23.4,NA,"",20080811,20130913,0,0,0,0,0,0
40,80,558,558,9,1,"シロヤシオ",43.8,44.3,NA,"測定位置1.30取り直し",20080811,20130913,0,0,0,0,0,0
50,80,559,559,1,0.5,"シロヤシオ",44.8,45.4,NA,"",20080811,20130913,0,0,0,0,0,0
50,80,560,560,3.5,2,"コハウチワカエデ",139.9,142.6,NA,"",20080811,20130913,0,0,0,0,0,0
50,80,561,561,5.5,5,"シロヤシオ",24.9,27.9,NA,"",20080811,20130913,0,0,0,0,0,0
50,80,562,562,6.5,5,"シロヤシオ",26.7,28.1,NA,"",20080811,20130913,0,0,0,0,0,0
50,80,563,563,7.5,4.8,"シロヤシオ",16.5,17.2,NA,"",20080811,20130913,0,0,0,0,0,0
50,80,564,564,7.5,5,"シロヤシオ",18.1,18.7,NA,"",20080811,20130913,0,0,0,0,0,0
50,80,565,565,7.5,8.5,"シロヤシオ",27.1,29.2,NA,"",20080811,20130913,0,0,0,0,0,0
50,80,566,566,8.5,9.1,"シロヤシオ",27.2,28.8,NA,"",20080811,20130913,0,0,0,0,0,0
50,80,567,567,3,9.5,"イヌブナ",117.8,118.3,NA,"",20080811,20130913,0,0,0,0,0,0
50,80,568,567,2.8,9.5,"イヌブナ",32.1,33.5,NA,"ブナハバチ被害",20080811,20130913,0,0,0,0,0,0
50,80,569,567,3.2,9.2,"イヌブナ",39.5,41.7,NA,"ブナハバチ被害",20080811,20130913,0,0,0,0,0,0
50,80,570,567,3.2,9.6,"イヌブナ",44.8,46,NA,"ブナハバチ被害",20080811,20130913,0,0,0,0,0,0
40,80,571,571,9.2,7,"イヌブナ",107.4,109.6,NA,"",20080811,20130913,0,0,0,0,0,0
40,80,572,571,9.4,7,"イヌブナ",30.7,34.4,NA,"",20080811,20130913,0,0,0,0,0,0
40,80,573,571,9,7,"イヌブナ",19,23.2,NA,"",20080811,20130913,0,0,0,0,0,0
40,80,574,571,9.2,6.8,"イヌブナ",20.2,23,NA,"",20080811,20130913,0,0,0,0,0,0
40,80,575,575,8.6,6.8,"ブナ",22.2,22.9,NA,"",20080811,20130913,0,0,0,0,0,0
40,80,576,576,6,7,"ヤマツツジ",19.8,20.4,NA,"",20080811,20130913,0,0,0,0,0,0
40,80,577,576,6,7,"ヤマツツジ",16.4,16.9,NA,"",20080811,20130913,0,0,0,0,0,0
40,80,579,579,6,9,"イヌシデ",25.3,27,NA,"",20080811,20130913,0,0,0,0,0,0
40,80,580,580,2.5,5,"サワシバ",19.3,20.1,NA,"",20080811,20130913,0,0,0,0,0,0
40,90,581,581,0.1,1.9,"アカシデ",18.5,20.3,NA,"（40,80）（0.9,6.7）に座標変更",20080811,20130913,0,0,0,0,0,0
40,90,582,582,7,4,"イヌシデ",27.2,29.2,NA,"",20080811,20130913,0,0,0,0,0,0
40,90,583,583,8,4,"ヒナウチワカエデ",26.3,28.4,NA,"",20080811,20130913,0,0,0,0,0,0
50,90,584,584,9.5,3.5,"シロヤシオ",23.5,24.6,NA,"",20080811,20130913,0,0,0,0,0,0
50,90,585,585,9,1.5,"シロヤシオ",18.5,19.2,NA,"",20080811,20130913,0,0,0,0,0,0
50,90,586,586,9.5,0.8,"シロヤシオ",24.3,25.4,NA,"",20080811,20130913,0,0,0,0,0,0
50,90,587,587,7.5,1,"アズキナシ",28.3,29.3,NA,"",20080811,20130913,0,0,0,0,0,0
50,90,588,588,8,7.5,"イヌブナ",136.3,139.2,NA,"",20080811,20130913,0,0,0,0,0,0
50,90,589,588,7.8,7.5,"イヌブナ",47.3,47.7,NA,"ブナハバチ被害",20080811,20130913,0,0,0,0,0,0
50,90,590,588,7.8,7.7,"イヌブナ",19.4,22.7,NA,"ブナハバチ被害",20080811,20130913,0,0,0,0,0,0
50,90,591,588,8.1,7.6,"イヌブナ",18.6,20.6,NA,"",20080811,20130913,0,0,0,0,0,0
50,90,592,592,2,7,"ウラジロモミ",105.6,111,NA,"",20080811,20130913,0,0,0,0,0,0
40,90,593,593,9,8,"コバノトネリコ",37.8,39.1,NA,"",20080811,20130913,0,0,0,0,0,0
40,90,594,594,7,6,"ブナ",27.1,27.7,NA,"",20080811,20130913,0,0,0,0,0,0
60,0,156,156,3.6,4,"サワシバ",45,47.8,NA,"幹割れ",20080812,20130922,0,0,0,0,0,0
60,0,157,156,3.6,4,"サワシバ",16,16.8,NA,"",20080812,20130922,0,0,0,0,0,0
60,0,158,158,2.7,2.5,"エゴノキ",18.8,21.3,NA,"",20080812,20130922,0,0,0,0,0,0
60,0,159,159,8.3,2,"ウリハダカエデ",NA,18.1,"","新規加入幹",NA,20130922,0,0,-1,1,0,0
70,0,13702,13702,1.2,3.8,"コハウチワカエデ",NA,17,"","新規加入幹",NA,20130922,0,0,-1,1,0,0
70,0,160,160,0.8,1.4,"ブナ",25.5,NA,NA,"立枯れ",20080812,20130922,0,1,0,0,0,0
70,0,171,171,0.2,4.2,"コハウチワカエデ",17.7,20.4,NA,"（70,0）（5.2,9.2）に座標変更",20080812,20130922,0,0,0,0,0,0
70,0,161,161,5.6,3.5,"イヌブナ",77.1,82.6,NA,"ブナハバチ被害",20080812,20130922,0,0,0,0,0,0
70,0,162,161,5.4,3.5,"イヌブナ",23.3,24.8,NA,"ブナハバチ被害",20080812,20130922,0,0,0,0,0,0
70,0,163,161,5.6,4.6,"イヌブナ",36,36.8,NA,"ブナハバチ被害",20080812,20130922,0,0,0,0,0,0
70,0,164,161,5.8,3.3,"イヌブナ",45.8,46.1,NA,"ブナハバチ被害",20080812,20130922,0,0,0,0,0,0
70,0,165,161,5.5,3.4,"イヌブナ",29.6,28.9,NA,"測定位置1.40m、ブナハバチ被害",20080812,20130922,0,0,0,0,0,0
70,0,166,161,5.6,4.6,"イヌブナ",16,16.6,NA,"ブナハバチ被害",20080812,20130922,0,0,0,0,0,0
70,0,167,167,8.6,1,"アカシデ",20.4,21.3,NA,"Tag落ち→13701",20080812,20130922,0,0,0,0,0,0
70,0,169,169,9,0.3,"ウワミズザクラ",29.3,29.7,NA,"",20080812,20130922,0,0,0,0,0,0
70,0,170,170,9,9.9,"シロヤシオ",60.7,63.1,NA,"",20080812,20130922,0,0,0,0,0,0
70,0,172,172,2.2,8.3,"ブナ",102.5,107.3,NA,"ブナハバチ被害",20080812,20130922,0,0,0,0,0,0
60,0,173,173,7.5,8.1,"イヌブナ",167.2,159.1,NA,"",20080812,20130922,0,0,0,0,0,0
60,0,174,173,7.4,8.2,"イヌブナ",34.4,35.4,NA,"",20080812,20130922,0,0,0,0,0,0
60,0,175,173,7.5,8.1,"イヌブナ",16.3,18.3,NA,"",20080812,20130922,0,0,0,0,0,0
60,10,176,176,0.4,2.9,"ブナ",139.9,143.1,NA,"",20080812,20130922,0,0,0,0,0,0
60,10,177,177,6,3.8,"イヌブナ",144.2,145.2,NA,"",20080812,20130922,0,0,0,0,0,0
60,10,178,177,6.2,3.8,"イヌブナ",24.4,25.5,NA,"",20080812,20130922,0,0,0,0,0,0
60,10,179,177,6,3.6,"イヌブナ",53.2,53.3,NA,"",20080812,20130922,0,0,0,0,0,0
60,10,180,177,6,3.5,"イヌブナ",18.8,21,NA,"",20080812,20130922,0,0,0,0,0,0
60,10,181,181,8.6,4.7,"ブナ",45.7,47.1,NA,"",20080812,20130922,0,0,0,0,0,0
70,10,182,182,0.8,1,"ブナ",63.8,64,NA,"",20080812,20130922,0,0,0,0,0,0
70,10,183,183,1.8,2.7,"シロヤシオ",33.1,35,"測定位置1.10m","測定位置1.10m",20080812,20130922,0,0,0,0,0,0
70,10,184,184,5.6,1,"ブナ",181,184.6,NA,"ブナハバチ被害",20080812,20130922,0,0,0,0,0,0
70,10,185,185,7.1,3.9,"ブナ",NA,16.9,"","ブナハバチ被害,測定位置1.10m、新規加入幹",NA,20130922,0,0,-1,1,0,0
70,10,186,186,9,8.9,"シロヤシオ",61.7,71.9,"測定位置1.00m","測定位置1.00m",20080812,20130922,0,0,0,0,0,0
70,10,187,186,9.1,9,"シロヤシオ",33.4,33.6,NA,"Tag落ち→13703",20080812,20130922,0,0,0,0,0,0
70,10,188,188,8.3,6,"リョウブ",16,17.2,NA,"Tag落ち→13699",20080812,20130922,0,0,0,0,0,0
70,10,13700,13699,8.3,6,"リョウブ",NA,17.9,"","新規加入幹",NA,20130922,0,0,-1,1,0,0
70,10,189,189,7,8,"コバノトネリコ",29.2,33.4,NA,"",20080812,20130922,0,0,0,0,0,0
70,10,190,190,5.4,9.5,"ヤマウルシ",19.9,20.8,NA,"",20080812,20130922,0,0,0,0,0,0
70,10,191,191,4.9,8.5,"ウワミズザクラ",33.6,35.5,NA,"",20080812,20130922,0,0,0,0,0,0
70,10,192,192,0.2,8.1,"シロヤシオ",34.9,35.7,NA,"",20080812,20130922,0,0,0,0,0,0
70,10,193,193,1,5.5,"ブナ",188.7,193.3,NA,"",20080812,20130922,0,0,0,0,0,0
60,10,194,194,8,9.7,"ブナ",172.3,175.9,NA,"",20080812,20130922,0,0,0,0,0,0
60,10,195,195,7.5,9.3,"ヒナウチワカエデ",28.4,30.2,NA,"",20080812,20130922,0,0,0,0,0,0
60,10,196,196,0,6,"アオハダ",16,20.5,NA,"",20080812,20130922,0,0,0,0,0,0
60,20,601,601,3.2,1,"ブナ",142.8,144.7,NA,"",20080812,20130922,0,0,0,0,0,0
60,20,602,602,3.5,0.2,"イヌブナ",54,54.1,NA,"",20080812,20130922,0,0,0,0,0,0
60,20,603,602,3.8,0.6,"イヌブナ",26.5,27.4,NA,"",20080812,20130922,0,0,0,0,0,0
60,20,604,602,3.3,0.3,"イヌブナ",24.2,25.2,NA,"",20080812,20130922,0,0,0,0,0,0
60,20,605,605,6.2,2.8,"ナツツバキ",16.8,17.2,NA,"",20080812,20130922,0,0,0,0,0,0
60,20,606,606,9.6,0.6,"コバノトネリコ",18.2,19.2,NA,"",20080812,20130922,0,0,0,0,0,0
70,20,607,607,2.2,2.7,"シロヤシオ",43.6,44.5,NA,"",20080812,20130922,0,0,0,0,0,0
70,20,608,608,7.8,1,"コミネカエデ",41.7,48,NA,"",20080812,20130922,0,0,0,0,0,0
70,20,609,609,6.6,6.6,"シロヤシオ",38.2,NA,"倒れているが生存","根返り",20080812,20130922,0,1,0,0,0,0
70,20,610,610,8.9,8.1,"シロヤシオ",38,38.5,NA,"",20080812,20130922,0,0,0,0,0,0
70,20,611,611,6.5,8.1,"コバノトネリコ",17.7,21.7,NA,"Tag落ち→13706",20080812,20130922,0,0,0,0,0,0
70,20,612,612,5.4,8.3,"シロヤシオ",31.8,31.8,NA,"",20080812,20130922,0,0,0,0,0,0
70,20,613,613,4.2,6,"ブナ",157.8,159.7,NA,"",20080812,20130922,0,0,0,0,0,0
70,20,614,614,4,5.5,"シロヤシオ",30.8,32.1,NA,"",20080812,20130922,0,0,0,0,0,0
70,20,615,614,4.5,9.8,"シロヤシオ",17.4,18.1,NA,"",20080812,20130922,0,0,0,0,0,0
70,20,616,614,4.3,9.9,"シロヤシオ",32.4,34,NA,"こぶ有り",20080812,20130922,0,0,0,0,0,0
70,20,617,617,2.9,8.1,"コハウチワカエデ",25,28.4,NA,"",20080812,20130922,0,0,0,0,0,0
70,20,618,618,2.8,9.1,"シロヤシオ",43.4,43.9,NA,"",20080812,20130922,0,0,0,0,0,0
70,20,619,618,2.9,9,"シロヤシオ",40.6,41,NA,"",20080812,20130922,0,0,0,0,0,0
70,20,620,620,2.6,6,"ヤマボウシ",47.9,48.2,NA,"",20080812,20130922,0,0,0,0,0,0
70,20,621,621,1.9,5.9,"ウリハダカエデ",19.7,22.5,NA,"",20080812,20130922,0,0,0,0,0,0
60,20,622,622,9.2,5.4,"ホオノキ",70.8,79.9,NA,"",20080812,20130922,0,0,0,0,0,0
60,20,623,623,8,5,"コバノトネリコ",25.6,26.1,NA,"",20080812,20130922,0,0,0,0,0,0
60,20,624,624,7.3,8.1,"コバノトネリコ",45.4,51.5,"測定位置1.40m","測定位置1.40m",20080812,20130922,0,0,0,0,0,0
60,20,625,625,5.3,8,"エゴノキ",24.1,24.7,NA,"",20080812,20130922,0,0,0,0,0,0
60,20,13725,13725,1,5.8,"コバノトネリコ",NA,16.7,"","新規加入幹",NA,20130922,0,0,-1,1,0,0
60,20,626,626,4.2,8.1,"コバノトネリコ",27.4,28.1,NA,"",20080812,20130922,0,0,0,0,0,0
60,20,627,627,2.8,9.4,"ブナ",172,172.6,NA,"",20080812,20130922,0,0,0,0,0,0
60,30,628,628,2,0,"シラキ",19.4,20.8,NA,"",20080812,20130922,0,0,0,0,0,0
60,30,629,628,2,0,"シラキ",16.9,21.5,"測定位置1.10m","測定位置1.10m",20080812,20130922,0,0,0,0,0,0
60,30,661,661,0.3,1.4,"ブナ",107.3,108.8,NA,"",20080812,20130922,0,0,0,0,0,0
60,30,630,630,6.8,0,"アワブキ",21.9,23.1,NA,"",20080812,20130922,0,0,0,0,0,0
60,30,631,631,9.8,2.2,"シロヤシオ",30.9,31,"測定位置1.10m","測定位置1.10m",20080812,20130922,0,0,0,0,0,0
60,30,632,632,9.6,3.2,"コバノトネリコ",58.4,60.9,NA,"",20080812,20130922,0,0,0,0,0,0
70,30,633,633,2,3.5,"シロヤシオ",57.7,58.7,NA,"",20080812,20130922,0,0,0,0,0,0
70,30,634,634,2,3.5,"アブラツツジ",18.4,19.4,NA,"",20080812,20130922,0,0,0,0,0,0
70,30,635,635,5.7,1.1,"シロヤシオ",38.6,32,NA,"",20080812,20130922,0,0,0,0,0,0
70,30,636,636,5.5,0.3,"シロヤシオ",28.4,NA,NA,"幹折れ",20080812,20130922,0,1,0,0,0,0
70,30,637,637,8.2,1.8,"アオハダ",75.7,78.1,NA,"Tag落ち→13707",20080812,20130922,0,0,0,0,0,0
70,30,638,637,8.1,2.2,"アオハダ",67.7,71.6,NA,"Tag落ち→13708",20080812,20130922,0,0,0,0,0,0
70,30,639,637,8.3,2.3,"アオハダ",35.7,38.5,NA,"Tag落ち→13709",20080812,20130922,0,0,0,0,0,0
70,30,640,637,8.5,2.2,"アオハダ",43.2,45.6,NA,"Tag落ち→13710",20080812,20130922,0,0,0,0,0,0
70,30,641,637,8.5,1.9,"アオハダ",26.1,26.5,NA,"",20080812,20130922,0,0,0,0,0,0
80,30,642,642,0,4.2,"トウゴクミツバツツジ",17.8,17.7,NA,"",20080812,20130922,0,0,0,0,0,0
70,30,643,643,6.3,3.4,"シロヤシオ",46.7,45.8,NA,"Tag落ち→13721　測定位置1.30取り直し",20080812,20130922,0,0,0,0,0,0
70,30,644,644,6,6.2,"アカシデ",91,92.2,NA,"",20080812,20130922,0,0,0,0,0,0
70,30,645,645,5.6,6.9,"シロヤシオ",40,41.1,NA,"",20080812,20130922,0,0,0,0,0,0
70,30,646,646,6.1,7,"シラキ",27.6,27.9,NA,"",20080812,20130922,0,0,0,0,0,0
70,30,647,647,7.4,6.6,"シロヤシオ",41.8,41.3,NA,"",20080812,20130922,0,0,0,0,0,0
70,30,648,648,9.8,7.6,"アブラツツジ",19.8,19.3,NA,"",20080812,20130922,0,0,0,0,0,0
70,30,649,649,9,9.4,"シロヤシオ",22.3,22.4,NA,"",20080812,20130922,0,0,0,0,0,0
70,40,650,650,5.4,0,"シロヤシオ",56.4,57.8,NA,"",20080812,20130922,0,0,0,0,0,0
70,30,651,651,3.9,8.1,"ブナ",44.8,45.8,NA,"",20080812,20130922,0,0,0,0,0,0
70,30,652,652,0,5.4,"ブナ",152.7,157.2,NA,"Tag落ち→13722",20080812,20130922,0,0,0,0,0,0
70,30,653,653,0.4,9.2,"シロヤシオ",20.6,21.2,NA,"Tag落ち→13723",20080812,20130922,0,0,0,0,0,0
60,30,654,654,7.4,5.7,"シロヤシオ",34.8,34.9,NA,"測定位置1.30取り直し",20080812,20130922,0,0,0,0,0,0
60,30,655,655,6.7,5.7,"コバノトネリコ",30.2,31.6,NA,"",20080812,20130922,0,0,0,0,0,0
60,30,656,656,4.8,5.5,"シロヤシオ",54.9,56,NA,"",20080812,20130922,0,0,0,0,0,0
60,30,13726,13726,8,9.2,"アオハダ",NA,19.6,"","新規加入幹",NA,20130922,0,0,-1,1,0,0
60,30,657,656,4.8,5.5,"シロヤシオ",22.4,22.7,NA,"",20080812,20130922,0,0,0,0,0,0
60,30,658,658,0.7,7.7,"イヌブナ",67.4,69.5,NA,"測定位置1.00m",20080812,20130922,0,0,0,0,0,0
60,30,13727,658,0.7,7.7,"イヌブナ",NA,17.7,"","新規加入幹",NA,20130922,0,0,-1,1,0,0
60,30,659,658,0.7,7.9,"イヌブナ",35,37.2,NA,"",20080812,20130922,0,0,0,0,0,0
60,30,660,658,0.9,7.6,"イヌブナ",32.2,33.4,"測定位置1.00m","幹割れ、測定位置1.00m",20080812,20130922,0,0,0,0,0,0
60,40,662,662,0,2.2,"ブナ",188,191.2,NA,"",20080812,20130922,0,0,0,0,0,0
60,40,663,663,1.2,3,"ブナ",113.6,114.2,NA,"",20080812,20130922,0,0,0,0,0,0
60,40,664,663,1,3.2,"ブナ",37.7,39.2,NA,"",20080812,20130922,0,0,0,0,0,0
60,40,13031,13031,4.7,0.1,"シラキ",NA,16.6,"","新規加入幹",NA,20130922,0,0,-1,1,0,0
60,40,666,666,4.9,0.1,"ブナ",79.6,79.7,NA,"",20080812,20130922,0,0,0,0,0,0
60,40,667,667,7.8,3.1,"オオウラジロノキ",120,120.7,NA,"",20080812,20130922,0,0,0,0,0,0
60,40,668,668,8.2,3,"アカヤシオ",32.8,34.1,NA,"",20080812,20130922,0,0,0,0,0,0
70,40,669,669,1.7,1.5,"ミズナラ",178.1,180,NA,"",20080812,20130922,0,0,0,0,0,0
70,40,670,670,1.1,0.8,"シロヤシオ",46.4,47.6,NA,"",20080812,20130922,0,0,0,0,0,0
70,40,671,671,3.5,0.1,"アカシデ",79.3,80.2,NA,"",20080812,20130922,0,0,0,0,0,0
70,40,672,672,4.1,1,"アカシデ",69,69,NA,"",20080812,20130922,0,0,0,0,0,0
70,40,673,673,3.8,3.3,"アカシデ",58.9,59,NA,"",20080812,20130922,0,0,0,0,0,0
70,40,674,674,2.6,3.8,"アカシデ",59.4,60.5,NA,"",20080812,20130922,0,0,0,0,0,0
70,40,675,675,2.2,4.3,"シロヤシオ",25.2,25.8,NA,"",20080812,20130922,0,0,0,0,0,0
70,40,676,676,5.8,0.8,"シロヤシオ",48.6,48.6,NA,"",20080812,20130922,0,0,0,0,0,0
70,40,677,677,6.8,2,"アカシデ",91.5,NA,NA,"立枯れ",20080812,20130922,0,1,0,0,0,0
70,40,678,678,6.6,2.2,"シロヤシオ",51.4,53.2,NA,"",20080812,20130922,0,0,0,0,0,0
80,40,679,679,0,2.2,"シロヤシオ",22.7,22.8,NA,"",20080812,20130922,0,0,0,0,0,0
70,40,680,680,9,1,"シロヤシオ",35.3,35.9,NA,"",20080812,20130922,0,0,0,0,0,0
70,40,681,681,8.5,4.2,"シロヤシオ",37.9,38,NA,"",20080812,20130922,0,0,0,0,0,0
70,40,682,682,9.2,4.3,"シロヤシオ",17.3,18.4,"測定位置1.40m","",20080812,20130922,0,0,0,0,0,0
70,40,684,684,7.7,4.7,"ナツツバキ",67,69.3,NA,"樹皮剥ぎ",20080812,20130922,0,0,0,0,0,0
70,40,685,685,6.7,4.4,"ミズナラ",155.3,155.5,NA,"Tag落ち→13032",20080812,20130922,0,0,0,0,0,0
70,40,683,683,8.7,5.7,"シロヤシオ",30,30.8,NA,"",20080812,20130922,0,0,0,0,0,0
70,40,686,686,4.5,9.5,"シロヤシオ",30.1,31.3,NA,"",20080812,20130922,0,0,0,0,0,0
70,40,687,687,4,6.5,"シロヤシオ",46.5,47.3,NA,"",20080812,20130922,0,0,0,0,0,0
70,40,688,688,1.8,5.4,"シロヤシオ",37.1,37.1,NA,"",20080812,20130922,0,0,0,0,0,0
60,40,689,689,5.7,6.3,"シロヤシオ",42.3,42.7,NA,"",20080812,20130922,0,0,0,0,0,0
60,40,690,690,7,9.8,"シロヤシオ",45.5,46.9,NA,"樹皮剥ぎ",20080812,20130922,0,0,0,0,0,0
60,40,691,691,4.1,9.6,"ブナ",211.5,211.7,NA,"ブナハバチ被害",20080812,20130922,0,0,0,0,0,0
60,50,692,692,3.5,3.7,"マンサク",16,18.3,NA,"",20080812,20130922,0,0,0,0,0,0
60,50,693,693,6.2,4.4,"ブナ",66.1,71.2,NA,"",20080812,20130922,0,0,0,0,0,0
60,50,694,694,6.5,5,"アカヤシオ",24.8,25.1,NA,"",20080812,20130922,0,0,0,0,0,0
70,50,695,695,3,1.6,"アカシデ",75.7,82.9,NA,"",20080812,20130922,0,0,0,0,0,0
70,50,696,696,3.9,1.1,"シロヤシオ",44.8,45,NA,"",20080812,20130922,0,0,0,0,0,0
70,50,697,697,4.7,3.8,"アカシデ",93,96.3,NA,"Tag落ち→13033",20080812,20130922,0,0,0,0,0,0
70,50,698,698,5.3,2.5,"コバノトネリコ",74.1,75.4,NA,"",20080812,20130922,0,0,0,0,0,0
70,50,699,698,5.1,2.5,"コバノトネリコ",35.2,37.4,NA,"",20080812,20130922,0,0,0,0,0,0
70,50,700,698,5.3,2.5,"コバノトネリコ",16.9,17.4,NA,"Tag落ち→13034",20080812,20130922,0,0,0,0,0,0
70,50,701,701,5.4,5.4,"シロヤシオ",53.2,53.7,"測定位置1.40m","測定位置1.30取り直し、こぶ有り",20080812,20130922,0,0,0,0,0,0
70,50,702,701,5.4,5.4,"シロヤシオ",41.5,41.8,NA,"Tag落ち→13035",20080812,20130922,0,0,0,0,0,0
70,50,703,703,3.7,7.5,"シロヤシオ",23.3,24,NA,"",20080812,20130922,0,0,0,0,0,0
70,50,704,704,4.1,8.4,"オオウラジロノキ",47.4,49,NA,"",20080812,20130922,0,0,0,0,0,0
70,50,705,705,1.6,9,"シロヤシオ",41.7,43.1,NA,"",20080812,20130922,0,0,0,0,0,0
70,50,706,706,2.8,6.5,"ブナ",176.7,176.7,NA,"",20080812,20130922,0,0,0,0,0,0
60,50,707,707,6.2,5.3,"アカヤシオ",25.3,26,NA,"",20080812,20130922,0,0,0,0,0,0
60,50,708,708,5.6,5.5,"アカヤシオ",21,21.4,NA,"",20080812,20130922,0,0,0,0,0,0
60,50,709,709,4.8,9.8,"コバノトネリコ",46.7,46.8,NA,"",20080812,20130922,0,0,0,0,0,0
60,50,710,709,4.7,9.7,"コバノトネリコ",34.1,36.2,NA,"",20080812,20130922,0,0,0,0,0,0
60,60,711,711,1.4,0.5,"シロヤシオ",28.6,28.8,NA,"",20080813,20130922,0,0,0,0,0,0
60,60,717,717,2.8,5,"マンサク",19.4,19.6,NA,"",20080813,20130922,0,0,0,0,0,0
60,60,712,712,7.4,0.8,"シロヤシオ",56.4,57.8,NA,"",20080813,20130922,0,0,0,0,0,0
60,60,713,713,7.3,2,"コバノトネリコ",51.9,55.4,NA,"",20080813,20130922,0,0,0,0,0,0
60,60,714,713,7.1,2,"コバノトネリコ",43.8,56.9,NA,"",20080813,20130922,0,0,0,0,0,0
60,60,715,713,7.1,2.3,"コバノトネリコ",48.2,51.8,NA,"",20080813,20130922,0,0,0,0,0,0
70,60,716,716,0.2,4,"シロヤシオ",40.1,40.9,NA,"",20080813,20130922,0,0,0,0,0,0
70,60,719,719,5.6,1.7,"ブナ",212.3,216,NA,"",20080813,20130922,0,0,0,0,0,0
70,60,720,720,5.4,1.3,"アカシデ",62.8,66.8,NA,"",20080813,20130922,0,0,0,0,0,0
70,60,721,721,7.8,1.8,"コバノトネリコ",22.3,23,NA,"",20080813,20130922,0,0,0,0,0,0
70,60,722,722,8,1.4,"コバノトネリコ",25.2,25.2,NA,"倒木生存",20080813,20130922,0,0,0,0,0,0
70,60,724,724,9.2,2,"シロヤシオ",40.8,40.9,NA,"",20080813,20130922,0,0,0,0,0,0
70,60,723,723,8.3,0.8,"アカヤシオ",NA,16.8,"","新規加入幹",NA,20130922,0,0,-1,1,0,0
70,60,725,725,5.3,5.5,"イヌシデ",70.7,73.2,NA,"",20080813,20130922,0,0,0,0,0,0
70,60,726,726,4.8,5.2,"シロヤシオ",45.7,48.1,NA,"",20080813,20130922,0,0,0,0,0,0
70,60,727,726,4.7,5.1,"シロヤシオ",19.3,19.9,NA,"",20080813,20130922,0,0,0,0,0,0
70,60,728,728,4,6.4,"シロヤシオ",41.2,42.9,NA,"",20080813,20130922,0,0,0,0,0,0
70,60,729,728,4.1,6.3,"シロヤシオ",33.6,34,NA,"",20080813,20130922,0,0,0,0,0,0
70,60,730,730,2.7,6.5,"アカヤシオ",NA,16.5,"","新規加入幹",NA,20130922,0,0,-1,1,0,0
70,60,731,731,3,6.8,"シロヤシオ",59.3,59.7,NA,"",20080813,20130922,0,0,0,0,0,0
60,60,732,732,9.7,8.3,"シロヤシオ",30.9,32.4,NA,"",20080813,20130922,0,0,0,0,0,0
60,60,733,732,9.6,9,"シロヤシオ",28.7,28.7,NA,"",20080813,20130922,0,0,0,0,0,0
60,60,734,734,7,6,"ヤマツツジ",17.3,17.8,NA,"",20080813,20130922,0,0,0,0,0,0
60,70,735,735,3.4,2,"クマシデ",100.5,100.7,NA,"",20080813,20130922,0,0,0,0,0,0
60,70,736,736,3.7,1.9,"シロヤシオ",35.2,35.5,NA,"",20080813,20130922,0,0,0,0,0,0
60,70,737,737,3.5,1.6,"コバノトネリコ",30.7,31.7,NA,"",20080813,20130922,0,0,0,0,0,0
60,70,738,738,0,3.6,"ミズナラ",182,189.8,NA,"",20080813,20130922,0,0,0,0,0,0
60,70,739,739,2,4.6,"アカシデ",66.2,69.6,NA,"",20080813,20130922,0,0,0,0,0,0
60,70,740,740,2.3,4,"クマシデ",96.2,98,"測定位置1.20m","測定位置1.20m",20080813,20130922,0,0,0,0,0,0
70,70,741,741,2.9,1,"シロヤシオ",46.4,47.2,NA,"",20080813,20130922,0,0,0,0,0,0
70,70,742,741,3,0.7,"シロヤシオ",39.2,40.5,NA,"Tag落ち→13036",20080813,20130922,0,0,0,0,0,0
70,70,743,741,3.2,0.8,"シロヤシオ",20.2,20.7,NA,"",20080813,20130922,0,0,0,0,0,0
70,70,755,744,5.3,8.3,"イヌブナ",54.5,56.8,NA,"",20080813,20130922,0,0,0,0,0,0
70,70,744,744,5,8.3,"イヌブナ",108,122.9,NA,"",20080813,20130922,0,0,0,0,0,0
70,70,745,744,4.7,8.3,"イヌブナ",47.6,52.9,NA,"",20080813,20130922,0,0,0,0,0,0
70,70,746,744,3.8,8.8,"イヌブナ",23.7,26,NA,"",20080813,20130922,0,0,0,0,0,0
70,70,747,744,3.8,8.8,"イヌブナ",94.9,96.4,NA,"",20080813,20130922,0,0,0,0,0,0
70,70,748,744,3.6,8.8,"イヌブナ",63.5,64.5,NA,"",20080813,20130922,0,0,0,0,0,0
70,70,749,744,3.6,9,"イヌブナ",31.8,32.4,NA,"",20080813,20130922,0,0,0,0,0,0
70,70,750,744,3.9,8.9,"イヌブナ",23.5,25.5,NA,"",20080813,20130922,0,0,0,0,0,0
70,70,753,744,5,9.7,"イヌブナ",37.2,37.8,NA,"",20080813,20130922,0,0,0,0,0,0
70,70,13037,744,5,8.1,"イヌブナ",NA,16.8,"","新規加入幹",NA,20130922,0,0,-1,1,0,0
70,70,754,744,5,8.7,"イヌブナ",26.4,26.5,NA,"先枯れ",20080813,20130922,0,0,0,0,0,0
70,70,756,756,0,9,"シロヤシオ",23.3,24,"倒れているが生存","",20080813,20130922,0,0,0,0,0,0
60,70,757,757,8.3,8.3,"ナツツバキ",70.9,71.1,NA,"",20080813,20130922,0,0,0,0,0,0
60,70,758,758,6.5,7,"シロヤシオ",54.5,59,NA,"",20080813,20130922,0,0,0,0,0,0
60,70,759,758,6.5,7,"シロヤシオ",21.5,22.5,NA,"",20080813,20130922,0,0,0,0,0,0
60,70,760,760,5.7,9,"ミズナラ",287.9,289.6,NA,"Tag落ち→13038",20080813,20130922,0,0,0,0,0,0
60,80,354,354,0.9,1.2,"シロヤシオ",27,30,NA,"",20080813,20130922,0,0,0,0,0,0
60,80,355,355,1,4,"ナツツバキ",69,72.2,NA,"",20080813,20130922,0,0,0,0,0,0
60,80,356,355,1.1,4.1,"ナツツバキ",38.2,37.6,NA,"先枯れ",20080813,20130922,0,0,0,0,0,0
60,80,357,357,6,2,"ブナ",170.5,173.3,NA,"ブナハバチ被害",20080813,20130922,0,0,0,0,0,0
60,80,358,358,7.5,2.2,"シロヤシオ",30.9,31.7,NA,"",20080813,20130922,0,0,0,0,0,0
60,80,359,358,7.5,2.2,"シロヤシオ",17.1,18.5,NA,"",20080813,20130922,0,0,0,0,0,0
70,80,360,360,0.8,4,"シロヤシオ",48.6,48.6,NA,"",20080813,20130922,0,0,0,0,0,0
70,80,361,361,7.8,4.2,"シロヤシオ",19.6,20.7,"測定位置1.20m","測定位置1.20m",20080813,20130922,0,0,0,0,0,0
70,80,362,362,5.3,8,"イヌブナ",130,131.7,NA,"",20080813,20130922,0,0,0,0,0,0
70,80,13039,362,8.9,7.9,"イヌブナ",NA,16,"","ブナハバチ被害、新規加入幹",NA,20130922,0,0,-1,1,0,0
70,80,13040,362,8.9,7.9,"イヌブナ",NA,18.3,"","ブナハバチ被害、新規加入幹",NA,20130922,0,0,-1,1,0,0
70,80,363,362,9,8,"イヌブナ",77.7,80.4,NA,"",20080813,20130922,0,0,0,0,0,0
70,80,364,362,8.5,8.2,"イヌブナ",24.4,26.4,NA,"",20080813,20130922,0,0,0,0,0,0
70,80,365,362,8.6,8.6,"イヌブナ",90.4,90.7,"測定位置1.10m","測定位置1.10m",20080813,20130922,0,0,0,0,0,0
70,80,366,362,8.6,9,"イヌブナ",48.5,52.1,NA,"",20080813,20130922,0,0,0,0,0,0
70,80,367,362,5.4,8.6,"イヌブナ",22.1,23.7,NA,"ブナハバチ被害",20080813,20130922,0,0,0,0,0,0
70,80,368,362,9.8,9.3,"イヌブナ",55,57.3,NA,"",20080813,20130922,0,0,0,0,0,0
70,80,369,362,5.2,9.2,"イヌブナ",111.9,113.5,NA,"",20080813,20130922,0,0,0,0,0,0
70,80,370,362,5.2,9.1,"イヌブナ",100.7,101.1,NA,"",20080813,20130922,0,0,0,0,0,0
70,80,371,362,5.4,8.6,"イヌブナ",29.3,31.5,NA,"",20080813,20130922,0,0,0,0,0,0
70,80,372,362,5.4,8.6,"イヌブナ",16.6,19.4,NA,"",20080813,20130922,0,0,0,0,0,0
70,80,373,373,4,7.8,"シロヤシオ",23.7,24.4,NA,"",20080813,20130922,0,0,0,0,0,0
60,80,374,374,9.3,8.7,"シロヤシオ",23.8,25.1,NA,"",20080813,20130922,0,0,0,0,0,0
60,80,13041,13041,9.5,8.2,"オオイタヤメイゲツ",NA,15.7,"","新規加入幹",NA,20130922,0,0,-1,1,0,0
60,80,375,375,4.7,8,"シラキ",30.6,33.8,NA,"",20080813,20130922,0,0,0,0,0,0
60,90,376,376,0.4,1.4,"シロヤシオ",20.4,20.4,"測定位置1.20m","測定位置1.20m",20080813,20130922,0,0,0,0,0,0
60,90,377,377,8.7,2,"シロヤシオ",22,24,NA,"",20080813,20130922,0,0,0,0,0,0
70,90,378,378,2.5,1,"ブナ",143.9,145,NA,"",20080813,20130922,0,0,0,0,0,0
70,90,379,379,1,2,"シロヤシオ",18.9,19.7,NA,"",20080813,20130922,0,0,0,0,0,0
70,90,380,379,1.1,2.1,"シロヤシオ",16.9,17.5,NA,"",20080813,20130922,0,0,0,0,0,0
70,90,381,381,0.6,4,"ハリギリ",171.7,179.1,NA,"",20080813,20130922,0,0,0,0,0,0
70,90,382,382,2.5,3.5,"シロヤシオ",15.8,16.7,NA,"",20080813,20130922,0,0,0,0,0,0
70,90,383,383,5.9,3.4,"オオモミジ",41.9,43.8,NA,"",20080813,20130922,0,0,0,0,0,0
70,90,384,384,7,4.4,"シロヤシオ",17.6,18.1,"測定位置1.20m","測定位置1.20m",20080813,20130922,0,0,0,0,0,0
70,90,385,385,6.8,6.2,"イヌブナ",77.7,78.5,NA,"Tag落ち→13043",20080813,20130922,0,0,0,0,0,0
70,90,386,385,6.8,6.2,"イヌブナ",16.1,16.5,NA,"",20080813,20130922,0,0,0,0,0,0
60,90,387,387,3.3,7.4,"ブナ",206,217,NA,"",20080813,20130922,0,0,0,0,0,0
80,0,13007,13007,0.3,3,"シラキ",NA,18.3,"","新規加入幹",NA,20130922,0,0,-1,1,0,0
80,0,801,801,2.8,3.2,"アカヤシオ",16.2,16.8,NA,"",20080812,20130922,0,0,0,0,0,0
80,0,802,802,3,3.6,"シラキ",37.2,38.2,NA,"Tag落ち→13001",20080812,20130922,0,0,0,0,0,0
80,0,803,803,3.6,4.2,"オオウラジロノキ",39.2,41.2,NA,"Tag落ち→13004",20080812,20130922,0,0,0,0,0,0
80,0,804,804,1.6,4.2,"コバノトネリコ",47,49.6,NA,"",20080812,20130922,0,0,0,0,0,0
80,0,805,805,7,4,"ヤマボウシ",33.4,34.4,NA,"",20080812,20130922,0,0,0,0,0,0
80,0,806,806,8,3.8,"ブナ",173.1,174.4,NA,"",20080812,20130922,0,0,0,0,0,0
90,0,807,807,0,0.4,"イヌブナ",24.8,25,NA,"",20080812,20130922,0,0,0,0,0,0
90,0,808,808,3.4,2.8,"アカシデ",99.9,102.7,NA,"",20080812,20130922,0,0,0,0,0,0
90,0,809,809,3.2,2.2,"シロヤシオ",18.2,18.9,NA,"",20080812,20130922,0,0,0,0,0,0
90,0,811,811,7.6,5.8,"ブナ",57.9,58,NA,"",20080812,20130922,0,0,0,0,0,0
90,0,812,812,7.6,5.5,"ハウチワカエデ",16.6,17.2,NA,"Tag落ち→13002",20080812,20130922,0,0,0,0,0,0
90,0,813,812,7.6,5.5,"ハウチワカエデ",16.2,16.2,NA,"",20080812,20130922,0,0,0,0,0,0
90,0,814,814,5.8,9,"ブナ",34.3,34.3,NA,"",20080812,20130922,0,0,0,0,0,0
90,0,815,815,1.6,6.8,"ブナ",50.3,51,NA,"",20080812,20130922,0,0,0,0,0,0
80,0,816,816,9,6,"シロヤシオ",43.9,44.3,NA,"",20080812,20130922,0,0,0,0,0,0
80,0,817,817,8.2,6.6,"ヤマボウシ",17.5,17,NA,"Tag落ち→13003",20080812,20130922,0,0,0,0,0,0
80,0,818,818,6.5,9.8,"イヌブナ",22.3,NA,NA,"幹折れ",20080812,20130922,0,1,0,0,0,0
80,0,819,818,6,9,"イヌブナ",19.6,19.7,NA,"",20080812,20130922,0,0,0,0,0,0
80,0,13008,13008,0.2,5.5,"アオハダ",NA,20.2,"","新規加入幹",NA,20130922,0,0,-1,1,0,0
80,0,820,820,4.5,6.9,"アブラツツジ",17.2,17,NA,"",20080812,20130922,0,0,0,0,0,0
80,0,821,821,1,7.8,"シロヤシオ",31.6,NA,NA,"立枯れ",20080812,20130922,0,1,0,0,0,0
80,10,822,822,1.2,1.8,"シロヤシオ",70.8,72.5,NA,"",20080812,20130922,0,0,0,0,0,0
80,10,823,823,0.5,1.3,"マンサク",18.7,NA,NA,"立枯れ",20080812,20130922,0,1,0,0,0,0
80,10,824,824,0.4,4.2,"シロヤシオ",45.4,47.5,NA,"",20080812,20130922,0,0,0,0,0,0
80,10,825,825,4,4.2,"ヤマボウシ",68.5,NA,NA,"立枯れ",20080812,20130922,0,1,0,0,0,0
80,10,826,826,5.4,1.2,"ブナ",160,162.2,NA,"ブナハバチ被害",20080812,20130922,0,0,0,0,0,0
90,10,827,827,1,0.4,"イヌブナ",47.1,48.5,NA,"",20080812,20130922,0,0,0,0,0,0
90,10,828,827,1.2,0.8,"イヌブナ",46.7,47,NA,"",20080812,20130922,0,0,0,0,0,0
90,10,829,827,0.8,0.2,"イヌブナ",27.4,28.4,NA,"",20080812,20130922,0,0,0,0,0,0
90,10,830,830,3.3,4.2,"アオハダ",17,17,NA,"",20080812,20130922,0,0,0,0,0,0
90,10,831,830,3.4,4.1,"アオハダ",17.5,17.5,NA,"幹折れ生存",20080812,20130922,0,0,0,0,0,0
90,10,832,832,7,8.4,"イヌブナ",68.1,70.4,NA,"",20080812,20130922,0,0,0,0,0,0
90,10,13011,832,6.8,8.4,"イヌブナ",NA,16.2,"","ブナハバチ被害、新規加入幹",NA,20130922,0,0,-1,1,0,0
90,10,834,834,6.8,9.4,"アオハダ",69.1,70.3,NA,"",20080812,20130922,0,0,0,0,0,0
90,10,835,834,6.9,9.5,"アオハダ",21.9,23.6,NA,"",20080812,20130922,0,0,0,0,0,0
90,10,836,834,7,9.4,"アオハダ",22.1,22.2,NA,"",20080812,20130922,0,0,0,0,0,0
90,10,837,837,3.8,5.4,"イヌブナ",38.6,38.7,NA,"ブナハバチ被害",20080812,20130922,0,0,0,0,0,0
90,10,838,838,1.6,6,"アワブキ",19.6,NA,NA,"立枯れ",20080812,20130922,0,1,0,0,0,0
90,10,839,838,1.6,6,"アワブキ",16.6,19,NA,"Tag落ち→13005",20080812,20130922,0,0,0,0,0,0
90,10,840,840,0.3,6.2,"イヌブナ",91.8,93.7,NA,"",20080812,20130922,0,0,0,0,0,0
90,10,841,841,0.4,5.6,"サラサドウダン",18.1,18.2,NA,"",20080812,20130922,0,0,0,0,0,0
80,10,842,842,9.5,9.7,"ブナ",115.8,126.1,NA,"",20080812,20130922,0,0,0,0,0,0
80,10,843,843,9.3,8.3,"ブナ",38.6,38.5,NA,"",20080812,20130922,0,0,0,0,0,0
80,10,844,844,9,7,"シロヤシオ",20.8,21.8,NA,"",20080812,20130922,0,0,0,0,0,0
80,10,845,845,6.4,6.4,"ブナ",95.1,99,NA,"",20080812,20130922,0,0,0,0,0,0
80,10,846,846,6.6,6.4,"シロヤシオ",16.3,17.5,NA,"",20080812,20130922,0,0,0,0,0,0
80,10,833,832,1.9,9.4,"イヌブナ",20.2,22,NA,"",20080812,20130922,0,0,0,0,0,0
80,10,847,847,2.8,8.2,"イヌブナ",17.6,17.6,NA,"Tag落ち→13006",20080812,20130922,0,0,0,0,0,0
80,10,848,847,3,8.2,"イヌブナ",17.5,NA,NA,"立枯れ",20080812,20130922,0,1,0,0,0,0
80,10,849,849,1.6,6,"シロヤシオ",40,41.7,NA,"",20080812,20130922,0,0,0,0,0,0
80,10,850,850,1.2,5.4,"オオウラジロノキ",75.9,NA,NA,"立枯れ",20080812,20130922,0,1,0,0,0,0
80,20,851,851,0.5,0,"シロヤシオ",45.2,45.5,NA,"",20080812,20130922,0,0,0,0,0,0
80,20,852,852,0.6,1.2,"イヌブナ",43.4,46.4,NA,"",20080812,20130922,0,0,0,0,0,0
80,20,853,852,0.4,1.3,"イヌブナ",18.4,18.5,NA,"ブナハバチ被害",20080812,20130922,0,0,0,0,0,0
80,20,854,854,1.2,3,"アカヤシオ",56.8,57.4,NA,"",20080812,20130922,0,0,0,0,0,0
80,20,855,855,4.2,4.4,"シロヤシオ",60.4,61.1,NA,"",20080812,20130922,0,0,0,0,0,0
80,20,856,856,4.2,2.8,"シロヤシオ",20.4,NA,NA,"立枯れ",20080812,20130922,0,1,0,0,0,0
80,20,857,857,6,0.8,"シロヤシオ",37.2,37.8,NA,"",20080812,20130922,0,0,0,0,0,0
90,20,858,858,2,3,"コハウチワカエデ",102.4,102.5,NA,"",20080812,20130922,0,0,0,0,0,0
90,20,859,859,5.4,5.8,"クマシデ",88,89.2,NA,"",20080812,20130922,0,0,0,0,0,0
90,20,860,860,5.8,6.2,"ブナ",130.2,132.4,NA,"",20080812,20130922,0,0,0,0,0,0
90,20,861,861,8.4,7.5,"マンサク",28.4,28.4,NA,"",20080812,20130922,0,0,0,0,0,0
90,20,862,862,0.6,6.2,"シロヤシオ",26.5,27.1,NA,"",20080812,20130922,0,0,0,0,0,0
90,20,863,863,0.4,7.8,"シロヤシオ",31,33.1,NA,"",20080812,20130922,0,0,0,0,0,0
90,20,864,864,3.4,7.8,"シロヤシオ",19.1,19.6,NA,"",20080812,20130922,0,0,0,0,0,0
80,20,865,865,7.8,5.3,"ブナ",74.2,79.1,NA,"",20080812,20130922,0,0,0,0,0,0
80,20,866,866,7.5,5.8,"アワブキ",18.6,18.8,NA,"",20080812,20130922,0,0,0,0,0,0
80,20,867,867,7.5,6,"アワブキ",30.2,31.5,NA,"アワブキ→シロヤシオ",20080812,20130922,0,0,0,0,0,0
80,20,868,866,7.5,5.9,"アワブキ",16,16.8,NA,"Tag落ち→13012",20080812,20130922,0,0,0,0,0,0
80,20,869,869,5.3,8,"イヌブナ",89.3,91,NA,"",20080812,20130922,0,0,0,0,0,0
80,20,870,869,5.2,7.8,"イヌブナ",53.6,54,NA,"",20080812,20130922,0,0,0,0,0,0
80,20,871,869,5.4,8.1,"イヌブナ",22.8,23.2,NA,"ブナハバチ被害",20080812,20130922,0,0,0,0,0,0
80,20,872,869,5.1,8.1,"イヌブナ",28.5,29.4,NA,"ブナハバチ被害",20080812,20130922,0,0,0,0,0,0
80,20,873,873,7.4,9.8,"シロヤシオ",36.2,36.3,NA,"",20080812,20130922,0,0,0,0,0,0
80,20,874,874,4.3,7.2,"イヌブナ",94.2,95.7,NA,"ブナハバチ被害",20080812,20130922,0,0,0,0,0,0
80,20,875,874,4.3,7.2,"イヌブナ",23.9,25.1,NA,"",20080812,20130922,0,0,0,0,0,0
80,20,876,874,3.9,7.6,"イヌブナ",56.1,59,NA,"",20080812,20130922,0,0,0,0,0,0
80,20,877,874,3.8,7.3,"イヌブナ",67,71.6,NA,"",20080812,20130922,0,0,0,0,0,0
80,20,878,878,1.9,9.5,"アカヤシオ",37.3,39,NA,"",20080812,20130922,0,0,0,0,0,0
80,20,879,879,4.7,9.5,"アカヤシオ",40.7,40.8,NA,"",20080812,20130922,0,0,0,0,0,0
80,30,880,880,3.4,0.2,"アカシデ",93.3,94.2,NA,"",20080812,20130922,0,0,0,0,0,0
80,30,881,881,2,1.5,"リョウブ",38.4,38.7,NA,"",20080812,20130922,0,0,0,0,0,0
80,30,882,881,2.2,1.5,"リョウブ",27.2,26.5,NA,"Tag落ち→13013",20080812,20130922,0,0,0,0,0,0
80,30,883,883,2.6,1.4,"シロヤシオ",16.5,16.6,NA,"Tag落ち→13014",20080812,20130922,0,0,0,0,0,0
80,30,884,884,6,0.6,"シロヤシオ",46.4,47.4,NA,"",20080812,20130922,0,0,0,0,0,0
80,30,885,885,7,4.3,"ナツツバキ",72.4,74.1,NA,"樹皮剥ぎ",20080812,20130922,0,0,0,0,0,0
80,30,886,886,7.6,1.4,"シロヤシオ",19.1,19.1,NA,"Tag落ち→13015",20080812,20130922,0,0,0,0,0,0
80,30,887,887,8.5,0.6,"シロヤシオ",40.7,40.7,NA,"",20080812,20130922,0,0,0,0,0,0
90,30,888,888,0.4,2.2,"コバノトネリコ",57.3,60,NA,"",20080812,20130922,0,0,0,0,0,0
90,30,889,889,0.7,2.6,"シロヤシオ",25.1,25.7,NA,"",20080812,20130922,0,0,0,0,0,0
90,30,890,890,1.9,3,"ブナ",94.4,98.2,NA,"ブナハバチ被害",20080812,20130922,0,0,0,0,0,0
90,30,891,891,1.2,1.4,"トウゴクミツバツツジ",18.8,18.8,NA,"",20080812,20130922,0,0,0,0,0,0
90,30,892,892,5.6,0.1,"コバノトネリコ",17.4,18.3,NA,"",20080812,20130922,0,0,0,0,0,0
90,30,893,893,8.5,2,"ブナ",59.2,59.6,NA,"",20080812,20130922,0,0,0,0,0,0
90,30,894,894,9.8,3,"ブナ",155.2,159.4,NA,"ブナハバチ被害",20080812,20130922,0,0,0,0,0,0
90,30,895,895,5.4,7.6,"イヌブナ",24.6,24.6,NA,"",20080812,20130922,0,0,0,0,0,0
90,30,896,896,0.2,5.2,"シロヤシオ",21,21,NA,"",20080812,20130922,0,0,0,0,0,0
90,30,897,897,2,5.8,"コシアブラ",45,46.3,NA,"",20080812,20130922,0,0,0,0,0,0
80,30,898,898,9,5.1,"モミ",NA,17.6,"","新規加入幹",NA,20130922,0,0,-1,1,0,0
80,30,899,899,7,6.5,"ブナ",89,93.9,NA,"ブナハバチ被害",20080812,20130922,0,0,0,0,0,0
80,30,900,900,9.8,9.5,"イヌブナ",55.8,56.1,NA,"",20080812,20130922,0,0,0,0,0,0
80,30,901,900,9.5,9.5,"イヌブナ",17.9,17.9,NA,"",20080812,20130922,0,0,0,0,0,0
80,30,902,900,9.9,9.6,"イヌブナ",22.7,24.2,NA,"",20080812,20130922,0,0,0,0,0,0
80,30,903,903,1,8,"ヒトツバカエデ",56.1,57.9,NA,"",20080812,20130922,0,0,0,0,0,0
80,30,904,904,1.2,7.9,"アカヤシオ",22.5,23.2,NA,"",20080812,20130922,0,0,0,0,0,0
80,30,905,905,4.6,7.4,"イヌブナ",33,33.3,NA,"ブナハバチ被害",20080812,20130922,0,0,0,0,0,0
80,40,906,906,1.5,2,"シロヤシオ",18.1,18.7,NA,"",20080813,20130922,0,0,0,0,0,0
80,40,907,907,2.2,5,"シロヤシオ",28.6,28.6,NA,"Tag落ち→13016",20080813,20130922,0,0,0,0,0,0
80,40,908,908,6,4,"シロヤシオ",71.4,72.2,NA,"",20080813,20130922,0,0,0,0,0,0
80,40,909,909,5.2,5,"アカシデ",129.6,130.4,NA,"",20080813,20130922,0,0,0,0,0,0
90,40,910,910,7.4,0,"ブナ",154.5,158.2,NA,"ブナハバチ被害",20080813,20130922,0,0,0,0,0,0
90,40,911,911,10,0,"ブナ",125,126.9,NA,"ブナハバチ被害",20080813,20130922,0,0,0,0,0,0
90,40,912,912,8,1.2,"コバノトネリコ",19.8,21.3,NA,"",20080813,20130922,0,0,0,0,0,0
90,40,913,913,7.8,6,"ブナ",73.3,73.8,NA,"ブナハバチ被害",20080813,20130922,0,0,0,0,0,0
90,40,914,914,6,7.4,"ブナ",87.4,93.2,NA,"ブナハバチ被害",20080813,20130922,0,0,0,0,0,0
90,40,916,916,5,5,"トウゴクミツバツツジ",17.1,17.3,NA,"",20080813,20130922,0,0,0,0,0,0
90,40,918,918,0.6,7.8,"コバノトネリコ",35.7,39,NA,"",20080813,20130922,0,0,0,0,0,0
90,40,919,919,1.4,8.2,"アブラツツジ",17.6,18.7,NA,"",20080813,20130922,0,0,0,0,0,0
80,40,920,920,7.6,8.2,"リョウブ",33.3,34.5,NA,"",20080813,20130922,0,0,0,0,0,0
80,40,921,921,6,5.2,"イヌブナ",100.3,105.1,NA,"ブナハバチ被害",20080813,20130922,0,0,0,0,0,0
80,40,922,921,6,6,"イヌブナ",24.7,25.5,NA,"ブナハバチ被害",20080813,20130922,0,0,0,0,0,0
80,40,923,921,6,6.2,"イヌブナ",47.8,48.4,NA,"ブナハバチ被害",20080813,20130922,0,0,0,0,0,0
80,40,924,921,6,7,"イヌブナ",26.8,26.8,NA,"ブナハバチ被害",20080813,20130922,0,0,0,0,0,0
80,40,925,921,6,7.6,"イヌブナ",19.8,NA,NA,"立枯れ",20080813,20130922,0,1,0,0,0,0
80,40,926,921,6,6,"イヌブナ",21.2,21.7,NA,"ブナハバチ被害",20080813,20130922,0,0,0,0,0,0
80,40,927,927,1,7.8,"シロヤシオ",56.8,58.3,NA,"",20080813,20130922,0,0,0,0,0,0
80,40,13021,927,1,7.8,"シロヤシオ",NA,40.9,"","新規加入幹",NA,20130922,0,0,0,0,1,0
80,50,928,928,1,0,"シロヤシオ",19.2,19.3,NA,"",20080813,20130922,0,0,0,0,0,0
80,50,930,930,4.9,0,"シロヤシオ",23.1,23.9,NA,"",20080813,20130922,0,0,0,0,0,0
80,50,929,929,3,1,"シロヤシオ",20.6,21.3,NA,"",20080813,20130922,0,0,0,0,0,0
80,50,931,931,3,4,"イヌブナ",82.5,84,NA,"",20080813,20130922,0,0,0,0,0,0
80,50,932,931,3,4,"イヌブナ",18.5,19,NA,"",20080813,20130922,0,0,0,0,0,0
80,50,933,931,2.2,4.4,"イヌブナ",71.5,74.9,NA,"",20080813,20130922,0,0,0,0,0,0
80,50,934,931,0,4.9,"イヌブナ",20.4,21.5,NA,"ブナハバチ被害",20080813,20130922,0,0,0,0,0,0
80,50,935,931,0,5,"イヌブナ",82,82.3,NA,"ブナハバチ被害",20080813,20130922,0,0,0,0,0,0
80,50,937,931,1,5,"イヌブナ",68.6,70,NA,"",20080813,20130922,0,0,0,0,0,0
80,50,938,931,1.1,5,"イヌブナ",17.9,18.9,NA,"",20080813,20130922,0,0,0,0,0,0
80,50,939,931,3,5,"イヌブナ",26.5,NA,NA,"立枯れ",20080813,20130922,0,1,0,0,0,0
80,50,940,940,5.8,2,"シロヤシオ",35.7,35.9,NA,"",20080813,20130922,0,0,0,0,0,0
80,50,941,941,7,3,"シロヤシオ",36.8,37.6,NA,"",20080813,20130922,0,0,0,0,0,0
80,50,942,942,7,4.2,"サラサドウダン",46.9,48.1,NA,"",20080813,20130922,0,0,0,0,0,0
80,50,943,942,7,4.2,"サラサドウダン",31.3,32.3,NA,"",20080813,20130922,0,0,0,0,0,0
80,50,944,944,6,4.6,"シロヤシオ",19,19.5,NA,"",20080813,20130922,0,0,0,0,0,0
90,50,945,945,0.8,2.8,"シロヤシオ",31.9,33,NA,"",20080813,20130922,0,0,0,0,0,0
90,50,946,946,2.6,3,"シロヤシオ",56,56.2,NA,"",20080813,20130922,0,0,0,0,0,0
90,50,947,946,3,3,"シロヤシオ",63,NA,NA,"立枯れ",20080813,20130922,0,1,0,0,0,0
90,50,948,948,1.2,3,"シロヤシオ",23.9,24.1,NA,"",20080813,20130922,0,0,0,0,0,0
90,50,949,949,2.4,4.2,"ハウチワカエデ",34.5,35.4,NA,"",20080813,20130922,0,0,0,0,0,0
90,50,950,950,3.2,3.8,"ナツツバキ",38.2,40.3,NA,"",20080813,20130922,0,0,0,0,0,0
90,50,951,951,6,4,"リョウブ",72.8,75.7,NA,"",20080813,20130922,0,0,0,0,0,0
90,50,952,951,6,4,"リョウブ",17.4,17.7,NA,"",20080813,20130922,0,0,0,0,0,0
90,50,953,953,7.6,3.1,"ブナ",35.7,35.8,NA,"",20080813,20130922,0,0,0,0,0,0
90,50,954,954,7,2.5,"ハクウンボク",44.9,45.9,NA,"",20080813,20130922,0,0,0,0,0,0
90,50,955,955,7,4.9,"ブナ",21.5,21.5,NA,"Tag落ち→13019",20080813,20130922,0,0,0,0,0,0
90,50,956,956,9.9,6.3,"シロヤシオ",19.1,19,NA,"",20080813,20130922,0,0,0,0,0,0
90,50,957,957,8.8,7.4,"シロヤシオ",NA,31.7,"","新規加入幹",NA,20130922,0,0,-1,1,0,0
90,50,958,958,5.6,8,"ヤマボウシ",51,53,NA,"",20080813,20130922,0,0,0,0,0,0
90,50,959,959,3,5.3,"アカシデ",149.6,151.9,NA,"Tag落ち→13018",20080813,20130922,0,0,0,0,0,0
90,50,960,960,0.3,9.4,"シラキ",33.6,35.2,NA,"",20080813,20130922,0,0,0,0,0,0
80,50,961,961,8,8,"シロヤシオ",17.6,18,NA,"",20080813,20130922,0,0,0,0,0,0
80,50,962,962,6.8,7.8,"シラキ",39.3,41.4,NA,"",20080813,20130922,0,0,0,0,0,0
80,50,964,962,6.8,7.6,"シラキ",45,47.8,NA,"",20080813,20130922,0,0,0,0,0,0
80,50,936,931,0.1,5.1,"イヌブナ",21.3,23.4,NA,"Tag落ち→13017、ブナハバチ被害",20080813,20130922,0,0,0,0,0,0
80,50,965,965,5,9.4,"シロヤシオ",27.6,28,NA,"",20080813,20130922,0,0,0,0,0,0
80,50,966,966,3,9.3,"シロヤシオ",26.7,26.8,NA,"Tag落ち→13020",20080813,20130922,0,0,0,0,0,0
80,60,967,967,0,2,"シラキ",48.3,48.4,NA,"Tag落ち→13022",20080813,20130922,0,0,0,0,0,0
80,60,968,968,4,4.8,"シロヤシオ",45.5,45.7,NA,"先折れ",20080813,20130922,0,0,0,0,0,0
80,60,969,969,4,1.7,"シロヤシオ",32.5,32.6,"測定位置1.40m","",20080813,20130922,0,0,0,0,0,0
80,60,970,970,5.4,5,"ネジキ",63.9,64.4,NA,"",20080813,20130922,0,0,0,0,0,0
80,60,971,970,5.6,5,"ネジキ",24.4,26.8,NA,"",20080813,20130922,0,0,0,0,0,0
80,60,972,972,5.6,4.8,"シロヤシオ",46.2,48.4,NA,"",20080813,20130922,0,0,0,0,0,0
80,60,973,973,6.8,3.9,"アカヤシオ",31.6,NA,NA,"立枯れ",20080813,20130922,0,1,0,0,0,0
80,60,974,974,9.8,0.8,"シロヤシオ",39.3,39.6,NA,"",20080813,20130922,0,0,0,0,0,0
90,60,975,975,2.1,1,"シロヤシオ",21.7,22,NA,"",20080813,20130922,0,0,0,0,0,0
90,60,976,976,1.4,4,"リョウブ",19,NA,NA,"幹折れ",20080813,20130922,0,1,0,0,0,0
90,60,977,977,4,1.2,"アカシデ",105.8,109.2,NA,"",20080813,20130922,0,0,0,0,0,0
90,60,978,978,2.8,4,"シロヤシオ",46.4,46.8,NA,"",20080813,20130922,0,0,0,0,0,0
90,60,979,979,5.4,3.8,"イヌブナ",34.9,37.2,"tag_no=975-->979","",20080813,20130922,0,0,0,0,0,0
90,60,980,980,5.1,4.5,"シロヤシオ",46.4,47.5,NA,"",20080813,20130922,0,0,0,0,0,0
90,60,981,981,8.4,0.4,"コバノトネリコ",42.4,NA,NA,"幹折れ",20080813,20130922,0,1,0,0,0,0
90,60,982,981,8.2,0.4,"コバノトネリコ",22.4,22.8,NA,"",20080813,20130922,0,0,0,0,0,0
90,60,983,983,9.4,5.6,"シロヤシオ",42.4,42.5,NA,"",20080813,20130922,0,0,0,0,0,0
90,60,984,984,8,7.4,"ブナ",172,174.1,NA,"ブナハバチ被害",20080813,20130922,0,0,0,0,0,0
90,60,985,985,5,6,"アカヤシオ",21.8,NA,NA,"幹折れ",20080813,20130922,0,1,0,0,0,0
90,60,986,986,4.2,5.2,"シロヤシオ",36.3,36.7,NA,"",20080813,20130922,0,0,0,0,0,0
90,60,13046,13046,2.5,6.7,"コバノトネリコ",NA,16.4,"","新規加入幹",NA,20130922,0,0,-1,1,0,0
90,60,987,987,4,9,"シロヤシオ",35.2,36.1,NA,"",20080813,20130922,0,0,0,0,0,0
90,60,988,988,0,5.4,"カスミザクラ",120.1,131.7,NA,"",20080813,20130922,0,0,0,0,0,0
90,60,989,989,0.6,6,"サラサドウダン",37.3,38.8,NA,"樹皮剥ぎ",20080813,20130922,0,0,0,0,0,0
90,60,990,990,0,7,"コバノトネリコ",31.3,32.4,NA,"",20080813,20130922,0,0,0,0,0,0
90,60,991,990,0.1,7,"コバノトネリコ",31,32,NA,"",20080813,20130922,0,0,0,0,0,0
90,60,992,992,0.2,9,"シロヤシオ",29.8,30.5,NA,"Tag落ち→13023",20080813,20130922,0,0,0,0,0,0
80,60,993,993,9,8.8,"シロヤシオ",19.4,19.8,NA,"",20080813,20130922,0,0,0,0,0,0
80,60,994,994,7.6,7.6,"コバノトネリコ",26.8,27.5,NA,"",20080813,20130922,0,0,0,0,0,0
80,60,995,995,6,7,"シロヤシオ",38.4,38.9,NA,"",20080813,20130922,0,0,0,0,0,0
80,60,996,996,2.5,7,"ブナ",139.3,142.1,NA,"",20080813,20130922,0,0,0,0,0,0
80,60,997,997,2.5,9.5,"シロヤシオ",35.2,36.5,NA,"",20080813,20130922,0,0,0,0,0,0
80,70,998,998,4,3,"シロヤシオ",44.8,46.2,NA,"",20080813,20130922,0,0,0,0,0,0
80,70,761,761,8.8,2,"シロヤシオ",51,51.5,NA,"",20080813,20130922,0,0,0,0,0,0
80,70,762,761,8.8,2,"シロヤシオ",41.7,42.2,NA,"",20080813,20130922,0,0,0,0,0,0
80,70,999,999,6,4,"ウラジロノキ",163.3,164.5,NA,"Tag落ち→13024",20080813,20130922,0,0,0,0,0,0
80,70,1000,1000,9.6,3.6,"ブナ",204.7,207.2,NA,"Tag落ち→13025、ブナハバチ被害",20080813,20130922,0,0,0,0,0,0
90,70,763,763,1.2,4,"シロヤシオ",29.8,31,NA,"",20080813,20130922,0,0,0,0,0,0
90,70,764,764,2.4,5,"シロヤシオ",41.6,43.1,NA,"",20080813,20130922,0,0,0,0,0,0
90,70,765,765,5.2,1.2,"シロヤシオ",28.3,28.6,NA,"Tag落ち→13026",20080813,20130922,0,0,0,0,0,0
90,70,766,766,8,0,"アオハダ",48,51.7,NA,"",20080813,20130922,0,0,0,0,0,0
90,70,767,766,8.1,0,"アオハダ",37.1,37.1,"生きてる","",20080813,20130922,0,0,0,0,0,0
90,70,768,768,10,1,"アカシデ",79.4,84,NA,"",20080813,20130922,0,0,0,0,0,0
90,70,769,769,7.6,3.4,"イヌブナ",22.9,24,NA,"Tag落ち→13027",20080813,20130922,0,0,0,0,0,0
90,70,770,770,7.4,6.6,"シロヤシオ",45.8,46.5,NA,"Tag落ち→13028",20080813,20130922,0,0,0,0,0,0
90,70,13047,13028,7.4,6.6,"シロヤシオ",NA,16.4,"","新規加入幹",NA,20130922,0,0,-1,1,0,0
90,70,771,771,5.6,8.6,"シロヤシオ",26.5,26.9,NA,"",20080813,20130922,0,0,0,0,0,0
90,70,772,772,4.2,5.4,"シロヤシオ",46.6,47.1,NA,"Tag落ち→13029",20080813,20130922,0,0,0,0,0,0
90,70,773,772,4.2,5.4,"シロヤシオ",23.3,24.2,NA,"Tag落ち→13030",20080813,20130922,0,0,0,0,0,0
80,70,774,774,4.5,5.5,"シロヤシオ",37.7,39.9,NA,"Tag落ち→13044",20080813,20130922,0,0,0,0,0,0
80,70,775,775,1.4,5.5,"シロヤシオ",56.2,58.8,NA,"",20080813,20130922,0,0,0,0,0,0
80,70,776,776,1.8,6.7,"シロヤシオ",42,44.1,NA,"Tag落ち→13045",20080813,20130922,0,0,0,0,0,0
80,80,777,777,3,4,"シロヤシオ",23.3,25.1,NA,"",20080813,20130922,0,0,0,0,0,0
90,80,778,778,1,4.8,"シロヤシオ",28,27.9,NA,"",20080813,20130922,0,0,0,0,0,0
90,80,779,779,3.1,3.5,"シロヤシオ",31.7,31.3,NA,"",20080813,20130922,0,0,0,0,0,0
90,80,780,780,4,0.7,"シロヤシオ",49.7,50.9,NA,"",20080813,20130922,0,0,0,0,0,0
90,80,781,781,4.8,3.3,"シロヤシオ",26.4,27.4,NA,"",20080813,20130922,0,0,0,0,0,0
90,80,782,782,6.2,4,"コバノトネリコ",19.6,21,NA,"Tag落ち→13048",20080813,20130922,0,0,0,0,0,0
90,80,783,783,9,1.5,"ブナ",116,121.6,NA,"",20080813,20130922,0,0,0,0,0,0
90,80,784,784,9,1.1,"ネジキ",63.9,64,NA,"",20080813,20130922,0,0,0,0,0,0
90,80,785,784,9,1.1,"ネジキ",61,56.7,NA,"",20080813,20130922,0,0,0,0,0,0
90,80,786,784,9,1.1,"ネジキ",74.8,64.7,"測定位置1.60m","",20080813,20130922,0,0,0,0,0,0
90,80,787,787,9,1.1,"シロヤシオ",41.6,43.5,NA,"",20080813,20130922,0,0,0,0,0,0
90,80,788,788,6.9,0.5,"シロヤシオ",30.3,31.6,NA,"Tag落ち→13049",20080813,20130922,0,0,0,0,0,0
90,80,789,789,8.6,8.8,"アオハダ",55,55.9,NA,"",20080813,20130922,0,0,0,0,0,0
90,80,790,789,8.8,8.8,"アオハダ",25.1,15.9,NA,"",20080813,20130922,0,0,0,0,0,0
90,80,791,789,8.5,8.6,"アオハダ",39.9,40.5,NA,"",20080813,20130922,0,0,0,0,0,0
90,80,792,790,8.5,8.6,"アオハダ",15.8,25,NA,"",20080813,20130922,0,0,0,0,0,0
90,80,793,793,8.1,9.1,"イヌブナ",105.5,104.6,NA,"",20080813,20130922,0,0,0,0,0,0
90,80,794,793,8.1,8.9,"イヌブナ",39.3,45.7,NA,"",20080813,20130922,0,0,0,0,0,0
90,80,795,793,8.2,9.8,"イヌブナ",25,27.3,NA,"",20080813,20130922,0,0,0,0,0,0
90,80,796,793,8.2,9.9,"イヌブナ",22.5,24.4,NA,"",20080813,20130922,0,0,0,0,0,0
90,80,797,793,8.2,9.1,"イヌブナ",29.9,34,NA,"",20080813,20130922,0,0,0,0,0,0
90,80,798,798,3.4,7,"シロヤシオ",31.1,31.8,NA,"",20080813,20130922,0,0,0,0,0,0
90,80,799,799,2,8.6,"シロヤシオ",24.5,25.1,NA,"Tag落ち→13050",20080813,20130922,0,0,0,0,0,0
90,80,800,800,0.1,5.1,"シロヤシオ",43.5,45.5,NA,"",20080813,20130922,0,0,0,0,0,0
90,80,6001,6001,1,8.6,"イヌブナ",92.4,92.6,NA,"ブナハバチ被害",20080813,20130922,0,0,0,0,0,0
90,80,6002,6001,1.4,7.6,"イヌブナ",87,NA,NA,"立枯れ",20080813,20130922,0,1,0,0,0,0
90,80,6003,6001,1.6,7.8,"イヌブナ",45.6,47.8,NA,"",20080813,20130922,0,0,0,0,0,0
90,80,6005,6001,1.2,7.4,"イヌブナ",28.4,30.6,NA,"Tag落ち→13728",20080813,20130922,0,0,0,0,0,0
90,80,6006,6001,1.2,7.2,"イヌブナ",58.9,59.5,NA,"",20080813,20130922,0,0,0,0,0,0
90,80,6007,6001,1.2,6.8,"イヌブナ",21.4,21.7,NA,"",20080813,20130922,0,0,0,0,0,0
90,80,6008,6001,1,7.2,"イヌブナ",20.7,21.7,NA,"ブナハバチ被害",20080813,20130922,0,0,0,0,0,0
90,80,6009,6001,1,7.2,"イヌブナ",19.8,20.7,NA,"",20080813,20130922,0,0,0,0,0,0
80,80,6010,6010,5.6,5.4,"シロヤシオ",18.4,19.6,NA,"",20080813,20130922,0,0,0,0,0,0
80,80,6011,6011,0.2,5.2,"シロヤシオ",29.1,30.7,"測定位置1.40m","",20080813,20130922,0,0,0,0,0,0
80,90,596,596,5.8,4.8,"シロヤシオ",38.8,NA,NA,"立枯れ",20080813,20130922,0,1,0,0,0,0
80,90,597,597,8,2,"シロヤシオ",47,47.3,NA,"",20080813,20130922,0,0,0,0,0,0
80,90,598,598,9.2,3,"シロヤシオ",33.2,NA,NA,"幹折れ",20080813,20130922,0,1,0,0,0,0
80,90,599,599,9,1,"シロヤシオ",38.2,39.6,NA,"",20080813,20130922,0,0,0,0,0,0
90,90,600,600,2,1,"シロヤシオ",50.3,51.5,NA,"",20080813,20130922,0,0,0,0,0,0
90,90,6012,6012,2.6,7.2,"イヌブナ",105.4,105.8,NA,"ブナハバチ被害",20080813,20130922,0,0,0,0,0,0
90,90,6013,6012,3.2,7.8,"イヌブナ",32,34.5,NA,"ブナハバチ被害",20080813,20130922,0,0,0,0,0,0
90,90,6014,6012,3.6,8,"イヌブナ",97.6,NA,NA,"立枯れ",20080813,20130922,0,1,0,0,0,0
90,90,6015,6012,4.4,8.2,"イヌブナ",49.2,50.2,NA,"ブナハバチ被害",20080813,20130922,0,0,0,0,0,0
90,90,6016,6012,4.6,8.9,"イヌブナ",18.2,19.4,NA,"ブナハバチ被害",20080813,20130922,0,0,0,0,0,0
90,90,6018,6012,4.8,7.8,"イヌブナ",31.9,36,NA,"ブナハバチ被害",20080813,20130922,0,0,0,0,0,0
90,90,6019,6012,5,7.2,"イヌブナ",107.2,108.9,NA,"ブナハバチ被害",20080813,20130922,0,0,0,0,0,0
90,90,6020,6012,4.2,7.2,"イヌブナ",56.3,62.5,NA,"ブナハバチ被害",20080813,20130922,0,0,0,0,0,0
90,90,6021,6012,4.2,7.2,"イヌブナ",16,18,NA,"ブナハバチ被害",20080813,20130922,0,0,0,0,0,0
90,90,6022,6012,4.2,7.2,"イヌブナ",25.7,25.7,NA,"ブナハバチ被害",20080813,20130922,0,0,0,0,0,0
90,90,6023,6023,0.8,6.8,"シロヤシオ",28.9,31,NA,"Tag落ち→13729",20080813,20130922,0,0,0,0,0,0
80,90,6024,6024,8,6.5,"シロヤシオ",22.9,24.6,NA,"Tag落ち→13730",20080813,20130922,0,0,0,0,0,0
80,90,6025,6025,5,9.6,"ヒナウチワカエデ",20.5,21.8,NA,"",20080813,20130922,0,0,0,0,0,0
80,90,6026,6026,0.8,9.6,"ブナ",103.8,107.7,NA,"ブナハバチ被害",20080813,20130922,0,0,0,0,0,0
NA,NA,NA,NA,NA,NA,"",NA,NA,"","",NA,NA,2,2,0,0,0,0
NA,NA,NA,NA,NA,NA,"",NA,NA,"","",NA,NA,2,2,0,0,0,0
NA,NA,NA,NA,NA,NA,"",NA,NA,"","",NA,NA,2,2,0,0,0,0
NA,NA,NA,NA,NA,NA,"",NA,NA,"","",NA,NA,2,2,0,0,0,0
NA,NA,NA,NA,NA,NA,"",NA,NA,"","",NA,NA,2,2,0,0,0,0
NA,NA,NA,NA,NA,NA,"",NA,NA,"","",NA,NA,2,2,0,0,0,0
NA,NA,NA,NA,NA,NA,"",NA,NA,"","",NA,NA,2,2,0,0,0,0
NA,NA,NA,NA,NA,NA,"",NA,NA,"","",NA,NA,2,2,0,0,0,0
NA,NA,NA,NA,NA,NA,"",NA,NA,"","",NA,NA,2,2,0,0,0,0
NA,NA,NA,NA,NA,NA,"",NA,NA,"","",NA,NA,2,2,0,0,0,0
NA,NA,NA,NA,NA,NA,"",NA,NA,"","",NA,NA,2,2,0,0,0,0
NA,NA,NA,NA,NA,NA,"",NA,NA,"","",NA,NA,2,2,0,0,0,0
NA,NA,NA,NA,NA,NA,"",NA,NA,"","",NA,NA,2,2,0,0,0,0
NA,NA,NA,NA,NA,NA,"",NA,NA,"","",NA,NA,2,2,0,0,0,0
NA,NA,NA,NA,NA,NA,"",NA,NA,"","",NA,NA,2,2,0,0,0,0
NA,NA,NA,NA,NA,NA,"",NA,NA,"","",NA,NA,2,2,0,0,0,0
NA,NA,NA,NA,NA,NA,"",NA,NA,"","",NA,NA,2,2,0,0,0,0
NA,NA,NA,NA,NA,NA,"",NA,NA,"","",NA,NA,2,2,0,0,0,0
NA,NA,NA,NA,NA,NA,"",NA,NA,"","",NA,NA,2,2,0,0,0,0
NA,NA,NA,NA,NA,NA,"",NA,NA,"","",NA,NA,2,2,0,0,0,0
NA,NA,NA,NA,NA,NA,"",NA,NA,"","",NA,NA,2,2,0,0,0,0
NA,NA,NA,NA,NA,NA,"",NA,NA,"","",NA,NA,2,2,0,0,0,0
NA,NA,NA,NA,NA,NA,"",NA,NA,"","",NA,NA,2,2,0,0,0,0
NA,NA,NA,NA,NA,NA,"",NA,NA,"","",NA,NA,2,2,0,0,0,0
NA,NA,NA,NA,NA,NA,"",NA,NA,"","",NA,NA,2,2,0,0,0,0
NA,NA,NA,NA,NA,NA,"",NA,NA,"","",NA,NA,2,2,0,0,0,0
NA,NA,NA,NA,NA,NA,"",NA,NA,"","",NA,NA,2,2,0,0,0,0
NA,NA,NA,NA,NA,NA,"",NA,NA,"","",NA,NA,2,2,0,0,0,0
NA,NA,NA,NA,NA,NA,"",NA,NA,"","",NA,NA,2,2,0,0,0,0
NA,NA,NA,NA,NA,NA,"",NA,NA,"","",NA,NA,2,2,0,0,0,0
NA,NA,NA,NA,NA,NA,"",NA,NA,"","",NA,NA,2,2,0,0,0,0
NA,NA,NA,NA,NA,NA,"",NA,NA,"","",NA,NA,2,2,0,0,0,0
NA,NA,NA,NA,NA,NA,"",NA,NA,"","",NA,NA,2,2,0,0,0,0
NA,NA,NA,NA,NA,NA,"",NA,NA,"","",NA,NA,2,2,0,0,0,0
NA,NA,NA,NA,NA,NA,"",NA,NA,"","",NA,NA,2,2,0,0,0,0
NA,NA,NA,NA,NA,NA,"",NA,NA,"","",NA,NA,2,2,0,0,0,0
NA,NA,NA,NA,NA,NA,"",NA,NA,"","",NA,NA,2,2,0,0,0,0
NA,NA,NA,NA,NA,NA,"",NA,NA,"","",NA,NA,2,2,0,0,0,0
NA,NA,NA,NA,NA,NA,"",NA,NA,"","",NA,NA,2,2,0,0,0,0
NA,NA,NA,NA,NA,NA,"",NA,NA,"","",NA,NA,2,2,0,0,0,0
NA,NA,NA,NA,NA,NA,"",NA,NA,"","",NA,NA,2,2,0,0,0,0
NA,NA,NA,NA,NA,NA,"",NA,NA,"","",NA,NA,2,2,0,0,0,0
NA,NA,NA,NA,NA,NA,"",NA,NA,"","",NA,NA,2,2,0,0,0,0
NA,NA,NA,NA,NA,NA,"",NA,NA,"","",NA,NA,2,2,0,0,0,0
NA,NA,NA,NA,NA,NA,"",NA,NA,"","",NA,NA,2,2,0,0,0,0
NA,NA,NA,NA,NA,NA,"",NA,NA,"","",NA,NA,2,2,0,0,0,0
NA,NA,NA,NA,NA,NA,"",NA,NA,"","",NA,NA,2,2,0,0,0,0
NA,NA,NA,NA,NA,NA,"",NA,NA,"","",NA,NA,2,2,0,0,0,0
NA,NA,NA,NA,NA,NA,"",NA,NA,"","",NA,NA,2,2,0,0,0,0
NA,NA,NA,NA,NA,NA,"",NA,NA,"","",NA,NA,2,2,0,0,0,0
NA,NA,NA,NA,NA,NA,"",NA,NA,"","",NA,NA,2,2,0,0,0,0
NA,NA,NA,NA,NA,NA,"",NA,NA,"","",NA,NA,2,2,0,0,0,0
NA,NA,NA,NA,NA,NA,"",NA,NA,"","",NA,NA,2,2,0,0,0,0
NA,NA,NA,NA,NA,NA,"",NA,NA,"","",NA,NA,2,2,0,0,0,0
NA,NA,NA,NA,NA,NA,"",NA,NA,"","",NA,NA,2,2,0,0,0,0
NA,NA,NA,NA,NA,NA,"",NA,NA,"","",NA,NA,2,2,0,0,0,0
NA,NA,NA,NA,NA,NA,"",NA,NA,"","",NA,NA,2,2,0,0,0,0
NA,NA,NA,NA,NA,NA,"",NA,NA,"","",NA,NA,2,2,0,0,0,0
NA,NA,NA,NA,NA,NA,"",NA,NA,"","",NA,NA,2,2,0,0,0,0
NA,NA,NA,NA,NA,NA,"",NA,NA,"","",NA,NA,2,2,0,0,0,0
NA,NA,NA,NA,NA,NA,"",NA,NA,"","",NA,NA,2,2,0,0,0,0
NA,NA,NA,NA,NA,NA,"",NA,NA,"","",NA,NA,2,2,0,0,0,0
NA,NA,NA,NA,NA,NA,"",NA,NA,"","",NA,NA,2,2,0,0,0,0
NA,NA,NA,NA,NA,NA,"",NA,NA,"","",NA,NA,2,2,0,0,0,0
NA,NA,NA,NA,NA,NA,"",NA,NA,"","",NA,NA,2,2,0,0,0,0
NA,NA,NA,NA,NA,NA,"",NA,NA,"","",NA,NA,2,2,0,0,0,0
NA,NA,NA,NA,NA,NA,"",NA,NA,"","",NA,NA,2,2,0,0,0,0
NA,NA,NA,NA,NA,NA,"",NA,NA,"","",NA,NA,2,2,0,0,0,0
NA,NA,NA,NA,NA,NA,"",NA,NA,"","",NA,NA,2,2,0,0,0,0
NA,NA,NA,NA,NA,NA,"",NA,NA,"","",NA,NA,2,2,0,0,0,0
NA,NA,NA,NA,NA,NA,"",NA,NA,"","",NA,NA,2,2,0,0,0,0
NA,NA,NA,NA,NA,NA,"",NA,NA,"","",NA,NA,2,2,0,0,0,0
NA,NA,NA,NA,NA,NA,"",NA,NA,"","",NA,NA,2,2,0,0,0,0
NA,NA,NA,NA,NA,NA,"",NA,NA,"","",NA,NA,2,2,0,0,0,0
NA,NA,NA,NA,NA,NA,"",NA,NA,"","",NA,NA,2,2,0,0,0,0
NA,NA,NA,NA,NA,NA,"",NA,NA,"","",NA,NA,2,2,0,0,0,0
NA,NA,NA,NA,NA,NA,"",NA,NA,"","",NA,NA,2,2,0,0,0,0
NA,NA,NA,NA,NA,NA,"",NA,NA,"","",NA,NA,2,2,0,0,0,0
